race,Driver,Team,LapNumber,lap_time,s1,s2,s3,Compound,TyreLife,Stint,pit_flag,AirTemp,TrackTemp,Rainfall,yellow_flag,sc_flag,vsc_flag,red_flag
Las Vegas Grand Prix,VER,Red Bull Racing,1.0,102.062,31.924999999999997,32.691,37.446,MEDIUM,1.0,1.0,0,16.8,18.2,False,0,0,0,0
Las Vegas Grand Prix,RUS,Mercedes,1.0,103.075,33.051,32.994,37.03,MEDIUM,1.0,1.0,0,16.8,18.2,False,0,0,0,0
Las Vegas Grand Prix,NOR,McLaren,1.0,104.165,33.458000000000006,33.447,37.26,MEDIUM,1.0,1.0,0,16.8,18.2,False,0,0,0,0
Las Vegas Grand Prix,SAI,Williams,1.0,104.824,33.92099999999999,33.766,37.137,MEDIUM,1.0,1.0,0,16.8,18.2,False,0,0,0,0
Las Vegas Grand Prix,HAD,Racing Bulls,1.0,105.46,34.30299999999999,33.884,37.273,MEDIUM,1.0,1.0,0,16.8,18.2,False,0,0,0,0
Las Vegas Grand Prix,LAW,Racing Bulls,1.0,106.144,34.551,34.239,37.354,MEDIUM,1.0,1.0,0,16.8,18.2,False,0,0,0,0
Las Vegas Grand Prix,PIA,McLaren,1.0,106.777,34.785000000000004,34.521,37.471,MEDIUM,1.0,1.0,0,16.8,18.2,False,0,0,0,0
Las Vegas Grand Prix,BEA,Haas F1 Team,1.0,107.507,35.225000000000016,34.778,37.504,MEDIUM,1.0,1.0,0,16.8,18.2,False,0,0,0,0
Las Vegas Grand Prix,LEC,Ferrari,1.0,108.352,36.105,34.733,37.514,MEDIUM,1.0,1.0,0,16.8,18.2,False,0,0,0,0
Las Vegas Grand Prix,ALO,Aston Martin,1.0,108.711,35.458999999999996,35.016,38.236,MEDIUM,1.0,1.0,0,16.8,18.2,False,0,0,0,0
Las Vegas Grand Prix,HUL,Kick Sauber,1.0,109.002,36.52999999999999,34.879,37.593,HARD,1.0,1.0,0,16.8,18.2,False,0,0,0,0
Las Vegas Grand Prix,OCO,Haas F1 Team,1.0,109.8,37.82999999999999,34.385,37.585,MEDIUM,1.0,1.0,0,16.8,18.2,False,0,0,0,0
Las Vegas Grand Prix,HAM,Ferrari,1.0,110.124,38.844999999999985,33.901,37.378,HARD,1.0,1.0,0,16.8,18.2,False,0,0,0,0
Las Vegas Grand Prix,ANT,Mercedes,1.0,111.048,39.55400000000001,34.38,37.114,SOFT,1.0,1.0,0,16.8,18.2,False,0,0,0,0
Las Vegas Grand Prix,ALB,Williams,1.0,111.969,39.20599999999998,35.359,37.404,HARD,1.0,1.0,0,16.8,18.2,False,0,0,0,0
Las Vegas Grand Prix,COL,Alpine,1.0,112.717,40.486000000000004,34.638,37.593,HARD,1.0,1.0,0,16.8,18.2,False,0,0,0,0
Las Vegas Grand Prix,GAS,Alpine,1.0,115.532,44.25799999999999,33.778,37.496,MEDIUM,1.0,1.0,0,16.8,18.2,False,0,0,0,0
Las Vegas Grand Prix,TSU,Red Bull Racing,1.0,117.698,42.354,33.657,41.687,MEDIUM,1.0,1.0,1,16.8,18.2,False,0,0,0,0
Las Vegas Grand Prix,BOR,Kick Sauber,1.0,130.427,47.139999999999986,38.734,44.553,HARD,1.0,1.0,1,16.8,18.2,False,0,0,0,0
Las Vegas Grand Prix,VER,Red Bull Racing,2.0,107.622,28.482,32.633,46.507,MEDIUM,2.0,1.0,0,16.8,18.7,False,0,0,0,0
Las Vegas Grand Prix,RUS,Mercedes,2.0,109.251,28.833,32.961,47.457,MEDIUM,2.0,1.0,0,16.8,18.7,False,0,0,0,0
Las Vegas Grand Prix,NOR,McLaren,2.0,110.056,29.185,32.908,47.963,MEDIUM,2.0,1.0,0,16.8,18.7,False,0,0,0,0
Las Vegas Grand Prix,SAI,Williams,2.0,110.424,29.126,33.294,48.004,MEDIUM,2.0,1.0,0,16.8,18.7,False,0,0,0,0
Las Vegas Grand Prix,HAD,Racing Bulls,2.0,111.673,29.155,33.256,49.262,MEDIUM,2.0,1.0,0,16.8,18.7,False,0,0,0,0
Las Vegas Grand Prix,PIA,McLaren,2.0,111.145,29.552,33.55,48.043,MEDIUM,2.0,1.0,0,16.8,18.7,False,0,0,0,0
Las Vegas Grand Prix,BEA,Haas F1 Team,2.0,113.551,29.477,34.097,49.977,MEDIUM,2.0,1.0,0,16.8,18.7,False,0,0,0,0
Las Vegas Grand Prix,LEC,Ferrari,2.0,114.436,29.814,33.329,51.293,MEDIUM,2.0,1.0,0,16.8,18.7,False,0,0,0,0
Las Vegas Grand Prix,ALO,Aston Martin,2.0,117.144,29.701,33.783,53.66,MEDIUM,2.0,1.0,0,16.8,18.7,False,0,0,0,0
Las Vegas Grand Prix,HUL,Kick Sauber,2.0,117.236,29.716,34.157,53.363,HARD,2.0,1.0,0,16.8,18.7,False,0,0,0,0
Las Vegas Grand Prix,OCO,Haas F1 Team,2.0,118.053,29.668,34.915,53.47,MEDIUM,2.0,1.0,0,16.8,18.7,False,0,0,0,0
Las Vegas Grand Prix,HAM,Ferrari,2.0,118.576,30.184,34.51,53.882,HARD,2.0,1.0,0,16.8,18.7,False,0,0,0,0
Las Vegas Grand Prix,ALB,Williams,2.0,119.304,29.721,33.829,55.754,HARD,2.0,1.0,0,16.8,18.7,False,0,0,0,0
Las Vegas Grand Prix,ANT,Mercedes,2.0,122.573,29.681,34.477,58.415,SOFT,2.0,1.0,1,16.8,18.7,False,0,0,0,0
Las Vegas Grand Prix,COL,Alpine,2.0,122.61,29.658,34.64,58.312,HARD,2.0,1.0,0,16.8,18.7,False,0,0,0,0
Las Vegas Grand Prix,LAW,Racing Bulls,2.0,137.377,29.279,42.374,65.724,MEDIUM,2.0,1.0,1,16.8,18.7,False,0,0,0,0
Las Vegas Grand Prix,GAS,Alpine,2.0,128.486,30.572,32.982,64.932,MEDIUM,2.0,1.0,1,16.8,18.7,False,0,0,0,0
Las Vegas Grand Prix,TSU,Red Bull Racing,2.0,137.697,46.022,42.282,49.393,HARD,1.0,2.0,1,16.8,18.7,False,0,0,0,0
Las Vegas Grand Prix,VER,Red Bull Racing,3.0,133.534,37.904,44.898,50.732,MEDIUM,3.0,1.0,0,16.9,18.2,False,0,0,0,0
Las Vegas Grand Prix,RUS,Mercedes,3.0,132.522,37.547,44.192,50.783,MEDIUM,3.0,1.0,0,16.9,18.2,False,0,0,0,0
Las Vegas Grand Prix,NOR,McLaren,3.0,132.717,39.015,44.243,49.459,MEDIUM,3.0,1.0,0,16.9,18.2,False,0,0,0,0
Las Vegas Grand Prix,SAI,Williams,3.0,132.574,40.57,43.152,48.852,MEDIUM,3.0,1.0,0,16.9,18.2,False,0,0,0,0
Las Vegas Grand Prix,HAD,Racing Bulls,3.0,131.943,40.095,42.324,49.524,MEDIUM,3.0,1.0,0,16.9,18.2,False,0,0,0,0
Las Vegas Grand Prix,PIA,McLaren,3.0,133.563,40.505,43.273,49.785,MEDIUM,3.0,1.0,0,16.9,18.2,False,0,0,0,0
Las Vegas Grand Prix,BEA,Haas F1 Team,3.0,132.623,39.331,44.871,48.421,MEDIUM,3.0,1.0,0,16.9,18.2,False,0,0,0,0
Las Vegas Grand Prix,LEC,Ferrari,3.0,131.513,40.089,43.527,47.897,MEDIUM,3.0,1.0,0,16.9,18.2,False,0,0,0,0
Las Vegas Grand Prix,ALO,Aston Martin,3.0,129.495,38.387,42.861,48.247,MEDIUM,3.0,1.0,0,16.9,18.2,False,0,0,0,0
Las Vegas Grand Prix,HUL,Kick Sauber,3.0,129.674,38.771,42.521,48.382,HARD,3.0,1.0,0,16.9,18.2,False,0,0,0,0
Las Vegas Grand Prix,OCO,Haas F1 Team,3.0,129.195,38.663,41.775,48.757,MEDIUM,3.0,1.0,0,16.9,18.2,False,0,0,0,0
Las Vegas Grand Prix,HAM,Ferrari,3.0,129.181,38.263,42.206,48.712,HARD,3.0,1.0,0,16.9,18.2,False,0,0,0,0
Las Vegas Grand Prix,ALB,Williams,3.0,127.503,37.883,40.791,48.829,HARD,3.0,1.0,0,16.9,18.2,False,0,0,0,0
Las Vegas Grand Prix,COL,Alpine,3.0,125.626,36.926,38.847,49.853,HARD,3.0,1.0,0,16.9,18.2,False,0,0,0,0
Las Vegas Grand Prix,ANT,Mercedes,3.0,138.105,50.38,40.649,47.076,HARD,1.0,2.0,1,16.9,18.2,False,0,0,0,0
Las Vegas Grand Prix,TSU,Red Bull Racing,3.0,126.382,40.202,42.824,43.356,HARD,2.0,2.0,0,16.9,18.2,False,0,0,0,0
Las Vegas Grand Prix,GAS,Alpine,3.0,138.457,52.566,42.454,43.437,HARD,1.0,2.0,1,16.9,18.2,False,0,0,0,0
Las Vegas Grand Prix,LAW,Racing Bulls,3.0,140.329,62.022,36.102,42.205,HARD,1.0,2.0,1,16.9,18.2,False,0,0,0,0
Las Vegas Grand Prix,VER,Red Bull Racing,4.0,101.671,31.896,32.621,37.154,MEDIUM,4.0,1.0,0,16.9,18.0,False,0,0,0,0
Las Vegas Grand Prix,RUS,Mercedes,4.0,101.132,31.661,32.633,36.838,MEDIUM,4.0,1.0,0,16.9,18.0,False,0,0,0,0
Las Vegas Grand Prix,NOR,McLaren,4.0,100.573,31.256,32.56,36.757,MEDIUM,4.0,1.0,0,16.9,18.0,False,0,0,0,0
Las Vegas Grand Prix,SAI,Williams,4.0,100.742,31.315,32.729,36.698,MEDIUM,4.0,1.0,0,16.9,18.0,False,0,0,0,0
Las Vegas Grand Prix,HAD,Racing Bulls,4.0,100.539,30.67,33.102,36.767,MEDIUM,4.0,1.0,0,16.9,18.0,False,0,0,0,0
Las Vegas Grand Prix,PIA,McLaren,4.0,99.781,29.911,32.832,37.038,MEDIUM,4.0,1.0,0,16.9,18.0,False,0,0,0,0
Las Vegas Grand Prix,BEA,Haas F1 Team,4.0,98.758,28.949,32.93,36.879,MEDIUM,4.0,1.0,0,16.9,18.0,False,0,0,0,0
Las Vegas Grand Prix,LEC,Ferrari,4.0,98.814,28.9,32.899,37.015,MEDIUM,4.0,1.0,0,16.9,18.0,False,0,0,0,0
Las Vegas Grand Prix,ALO,Aston Martin,4.0,98.677,28.709,32.972,36.996,MEDIUM,4.0,1.0,0,16.9,18.0,False,0,0,0,0
Las Vegas Grand Prix,HUL,Kick Sauber,4.0,98.857,29.156,32.845,36.856,HARD,4.0,1.0,0,16.9,18.0,False,0,0,0,0
Las Vegas Grand Prix,OCO,Haas F1 Team,4.0,99.419,29.567,32.998,36.854,MEDIUM,4.0,1.0,0,16.9,18.0,False,0,0,0,0
Las Vegas Grand Prix,HAM,Ferrari,4.0,100.526,29.211,33.076,38.239,HARD,4.0,1.0,0,16.9,18.0,False,0,0,0,0
Las Vegas Grand Prix,ALB,Williams,4.0,99.85,29.071,33.185,37.594,HARD,4.0,1.0,0,16.9,18.0,False,0,0,0,0
Las Vegas Grand Prix,COL,Alpine,4.0,100.409,29.313,33.732,37.364,HARD,4.0,1.0,0,16.9,18.0,False,0,0,0,0
Las Vegas Grand Prix,ANT,Mercedes,4.0,98.509,28.391,33.119,36.999,HARD,2.0,2.0,0,16.9,18.0,False,0,0,0,0
Las Vegas Grand Prix,TSU,Red Bull Racing,4.0,98.299,28.411,32.883,37.005,HARD,3.0,2.0,0,16.9,18.0,False,0,0,0,0
Las Vegas Grand Prix,GAS,Alpine,4.0,98.545,28.881,32.586,37.078,HARD,2.0,2.0,0,16.9,18.0,False,0,0,0,0
Las Vegas Grand Prix,LAW,Racing Bulls,4.0,98.739,28.631,33.066,37.042,HARD,2.0,2.0,0,16.9,18.0,False,0,0,0,0
Las Vegas Grand Prix,VER,Red Bull Racing,5.0,97.421,28.002,32.386,37.033,MEDIUM,5.0,1.0,0,16.9,18.0,False,0,0,0,0
Las Vegas Grand Prix,RUS,Mercedes,5.0,96.909,27.953,32.416,36.54,MEDIUM,5.0,1.0,0,16.9,18.0,False,0,0,0,0
Las Vegas Grand Prix,NOR,McLaren,5.0,97.491,28.092,32.641,36.758,MEDIUM,5.0,1.0,0,16.9,18.0,False,0,0,0,0
Las Vegas Grand Prix,SAI,Williams,5.0,97.791,27.978,32.99,36.823,MEDIUM,5.0,1.0,0,16.9,18.0,False,0,0,0,0
Las Vegas Grand Prix,HAD,Racing Bulls,5.0,97.646,27.842,32.909,36.895,MEDIUM,5.0,1.0,0,16.9,18.0,False,0,0,0,0
Las Vegas Grand Prix,PIA,McLaren,5.0,97.628,27.977,32.807,36.844,MEDIUM,5.0,1.0,0,16.9,18.0,False,0,0,0,0
Las Vegas Grand Prix,LEC,Ferrari,5.0,98.077,28.175,32.767,37.135,MEDIUM,5.0,1.0,0,16.9,18.0,False,0,0,0,0
Las Vegas Grand Prix,BEA,Haas F1 Team,5.0,99.36,28.363,32.847,38.15,MEDIUM,5.0,1.0,0,16.9,18.0,False,0,0,0,0
Las Vegas Grand Prix,ALO,Aston Martin,5.0,98.308,27.902,33.189,37.217,MEDIUM,5.0,1.0,0,16.9,18.0,False,0,0,0,0
Las Vegas Grand Prix,HUL,Kick Sauber,5.0,98.282,28.185,33.22,36.877,HARD,5.0,1.0,0,16.9,18.0,False,0,0,0,0
Las Vegas Grand Prix,OCO,Haas F1 Team,5.0,98.135,28.406,32.905,36.824,MEDIUM,5.0,1.0,0,16.9,18.0,False,0,0,0,0
Las Vegas Grand Prix,HAM,Ferrari,5.0,97.668,28.326,32.654,36.688,HARD,5.0,1.0,0,16.9,18.0,False,0,0,0,0
Las Vegas Grand Prix,ALB,Williams,5.0,98.697,28.823,32.986,36.888,HARD,5.0,1.0,0,16.9,18.0,False,0,0,0,0
Las Vegas Grand Prix,COL,Alpine,5.0,99.248,28.569,33.465,37.214,HARD,5.0,1.0,0,16.9,18.0,False,0,0,0,0
Las Vegas Grand Prix,ANT,Mercedes,5.0,97.941,28.151,32.802,36.988,HARD,3.0,2.0,0,16.8,17.8,False,0,0,0,0
Las Vegas Grand Prix,TSU,Red Bull Racing,5.0,97.898,28.136,32.842,36.92,HARD,4.0,2.0,0,16.8,17.8,False,0,0,0,0
Las Vegas Grand Prix,GAS,Alpine,5.0,98.198,28.207,32.863,37.128,HARD,3.0,2.0,0,16.8,17.8,False,0,0,0,0
Las Vegas Grand Prix,LAW,Racing Bulls,5.0,98.138,28.249,32.946,36.943,HARD,3.0,2.0,0,16.8,17.8,False,0,0,0,0
Las Vegas Grand Prix,VER,Red Bull Racing,6.0,96.594,27.441,32.125,37.028,MEDIUM,6.0,1.0,0,16.9,17.9,False,0,0,0,0
Las Vegas Grand Prix,RUS,Mercedes,6.0,96.463,27.574,32.323,36.566,MEDIUM,6.0,1.0,0,16.9,17.9,False,0,0,0,0
Las Vegas Grand Prix,NOR,McLaren,6.0,96.965,27.747,32.505,36.713,MEDIUM,6.0,1.0,0,16.9,17.9,False,0,0,0,0
Las Vegas Grand Prix,SAI,Williams,6.0,97.577,28.259,32.598,36.72,MEDIUM,6.0,1.0,0,16.9,17.9,False,0,0,0,0
Las Vegas Grand Prix,HAD,Racing Bulls,6.0,97.565,27.993,32.89,36.682,MEDIUM,6.0,1.0,0,16.9,17.9,False,0,0,0,0
Las Vegas Grand Prix,PIA,McLaren,6.0,97.624,28.096,32.925,36.603,MEDIUM,6.0,1.0,0,16.9,17.9,False,0,0,0,0
Las Vegas Grand Prix,LEC,Ferrari,6.0,97.724,28.043,32.668,37.013,MEDIUM,6.0,1.0,0,16.9,17.9,False,0,0,0,0
Las Vegas Grand Prix,BEA,Haas F1 Team,6.0,98.329,28.512,32.922,36.895,MEDIUM,6.0,1.0,0,16.9,17.9,False,0,0,0,0
Las Vegas Grand Prix,ALO,Aston Martin,6.0,98.617,28.28,33.36,36.977,MEDIUM,6.0,1.0,0,16.9,17.9,False,0,0,0,0
Las Vegas Grand Prix,HUL,Kick Sauber,6.0,98.732,28.357,33.567,36.808,HARD,6.0,1.0,0,16.9,17.9,False,0,0,0,0
Las Vegas Grand Prix,OCO,Haas F1 Team,6.0,98.354,28.554,33.14,36.66,MEDIUM,6.0,1.0,0,16.9,17.9,False,0,0,0,0
Las Vegas Grand Prix,HAM,Ferrari,6.0,97.526,28.114,32.933,36.479,HARD,6.0,1.0,0,16.9,17.9,False,0,0,0,0
Las Vegas Grand Prix,ALB,Williams,6.0,97.614,28.178,32.738,36.698,HARD,6.0,1.0,0,16.9,17.9,False,0,0,0,0
Las Vegas Grand Prix,COL,Alpine,6.0,99.021,28.497,33.245,37.279,HARD,6.0,1.0,0,16.9,17.9,False,0,0,0,0
Las Vegas Grand Prix,ANT,Mercedes,6.0,97.213,27.683,32.681,36.849,HARD,4.0,2.0,0,16.9,17.9,False,0,0,0,0
Las Vegas Grand Prix,TSU,Red Bull Racing,6.0,97.99,28.083,32.991,36.916,HARD,5.0,2.0,0,16.9,17.9,False,0,0,0,0
Las Vegas Grand Prix,GAS,Alpine,6.0,98.083,28.34,32.794,36.949,HARD,4.0,2.0,0,16.9,17.9,False,0,0,0,0
Las Vegas Grand Prix,LAW,Racing Bulls,6.0,98.082,28.286,32.828,36.968,HARD,4.0,2.0,0,16.9,17.9,False,0,0,0,0
Las Vegas Grand Prix,VER,Red Bull Racing,7.0,96.383,27.438,31.979,36.966,MEDIUM,7.0,1.0,0,16.9,17.9,False,0,0,0,0
Las Vegas Grand Prix,RUS,Mercedes,7.0,96.525,27.738,32.185,36.602,MEDIUM,7.0,1.0,0,16.9,17.9,False,0,0,0,0
Las Vegas Grand Prix,NOR,McLaren,7.0,96.777,27.675,32.459,36.643,MEDIUM,7.0,1.0,0,16.9,17.9,False,0,0,0,0
Las Vegas Grand Prix,SAI,Williams,7.0,97.166,27.93,32.585,36.651,MEDIUM,7.0,1.0,0,16.9,17.9,False,0,0,0,0
Las Vegas Grand Prix,HAD,Racing Bulls,7.0,97.132,27.864,32.684,36.584,MEDIUM,7.0,1.0,0,16.9,17.9,False,0,0,0,0
Las Vegas Grand Prix,PIA,McLaren,7.0,97.098,27.906,32.653,36.539,MEDIUM,7.0,1.0,0,16.9,17.9,False,0,0,0,0
Las Vegas Grand Prix,LEC,Ferrari,7.0,96.928,27.775,32.237,36.916,MEDIUM,7.0,1.0,0,17.0,17.9,False,0,0,0,0
Las Vegas Grand Prix,BEA,Haas F1 Team,7.0,98.27,28.217,32.996,37.057,MEDIUM,7.0,1.0,0,17.0,17.9,False,0,0,0,0
Las Vegas Grand Prix,ALO,Aston Martin,7.0,97.804,28.011,32.896,36.897,MEDIUM,7.0,1.0,0,17.0,17.9,False,0,0,0,0
Las Vegas Grand Prix,HUL,Kick Sauber,7.0,98.385,28.641,33.023,36.721,HARD,7.0,1.0,0,17.0,17.9,False,0,0,0,0
Las Vegas Grand Prix,OCO,Haas F1 Team,7.0,97.908,28.435,32.956,36.517,MEDIUM,7.0,1.0,0,17.0,17.9,False,0,0,0,0
Las Vegas Grand Prix,HAM,Ferrari,7.0,97.563,28.168,33.008,36.387,HARD,7.0,1.0,0,17.0,17.9,False,0,0,0,0
Las Vegas Grand Prix,ALB,Williams,7.0,97.269,28.019,32.74,36.51,HARD,7.0,1.0,0,17.0,17.9,False,0,0,0,0
Las Vegas Grand Prix,COL,Alpine,7.0,98.557,28.445,33.012,37.1,HARD,7.0,1.0,0,17.0,17.9,False,0,0,0,0
Las Vegas Grand Prix,ANT,Mercedes,7.0,96.941,27.685,32.516,36.74,HARD,5.0,2.0,0,17.0,17.9,False,0,0,0,0
Las Vegas Grand Prix,TSU,Red Bull Racing,7.0,97.486,27.972,32.717,36.797,HARD,6.0,2.0,0,17.0,17.9,False,0,0,0,0
Las Vegas Grand Prix,GAS,Alpine,7.0,97.663,28.106,32.633,36.924,HARD,5.0,2.0,0,17.0,17.9,False,0,0,0,0
Las Vegas Grand Prix,LAW,Racing Bulls,7.0,97.736,28.236,32.637,36.863,HARD,5.0,2.0,0,17.0,17.9,False,0,0,0,0
Las Vegas Grand Prix,VER,Red Bull Racing,8.0,96.602,27.4,32.203,36.999,MEDIUM,8.0,1.0,0,17.0,17.9,False,0,0,0,0
Las Vegas Grand Prix,RUS,Mercedes,8.0,96.926,27.744,32.53,36.652,MEDIUM,8.0,1.0,0,17.0,17.9,False,0,0,0,0
Las Vegas Grand Prix,NOR,McLaren,8.0,96.966,27.738,32.503,36.725,MEDIUM,8.0,1.0,0,17.0,17.9,False,0,0,0,0
Las Vegas Grand Prix,SAI,Williams,8.0,97.101,27.871,32.548,36.682,MEDIUM,8.0,1.0,0,17.0,17.9,False,0,0,0,0
Las Vegas Grand Prix,HAD,Racing Bulls,8.0,97.012,27.746,32.708,36.558,MEDIUM,8.0,1.0,0,17.0,17.9,False,0,0,0,0
Las Vegas Grand Prix,PIA,McLaren,8.0,96.741,27.833,32.506,36.402,MEDIUM,8.0,1.0,0,17.0,17.9,False,0,0,0,0
Las Vegas Grand Prix,LEC,Ferrari,8.0,96.628,27.459,32.322,36.847,MEDIUM,8.0,1.0,0,17.0,17.9,False,0,0,0,0
Las Vegas Grand Prix,BEA,Haas F1 Team,8.0,97.72,27.954,32.909,36.857,MEDIUM,8.0,1.0,0,17.0,17.9,False,0,0,0,0
Las Vegas Grand Prix,ALO,Aston Martin,8.0,98.26,28.164,33.081,37.015,MEDIUM,8.0,1.0,0,17.0,17.9,False,0,0,0,0
Las Vegas Grand Prix,HUL,Kick Sauber,8.0,97.516,28.056,32.811,36.649,HARD,8.0,1.0,0,17.0,17.9,False,0,0,0,0
Las Vegas Grand Prix,OCO,Haas F1 Team,8.0,97.75,28.32,32.861,36.569,MEDIUM,8.0,1.0,0,17.0,17.9,False,0,0,0,0
Las Vegas Grand Prix,HAM,Ferrari,8.0,97.934,28.597,33.029,36.308,HARD,8.0,1.0,0,17.0,17.9,False,0,0,0,0
Las Vegas Grand Prix,ALB,Williams,8.0,97.757,28.099,33.094,36.564,HARD,8.0,1.0,0,17.0,17.9,False,0,0,0,0
Las Vegas Grand Prix,COL,Alpine,8.0,98.843,28.437,33.233,37.173,HARD,8.0,1.0,0,17.0,17.9,False,0,0,0,0
Las Vegas Grand Prix,ANT,Mercedes,8.0,96.414,27.503,32.429,36.482,HARD,6.0,2.0,0,17.0,17.9,False,0,0,0,0
Las Vegas Grand Prix,TSU,Red Bull Racing,8.0,97.303,27.783,32.629,36.891,HARD,7.0,2.0,0,17.0,17.9,False,0,0,0,0
Las Vegas Grand Prix,GAS,Alpine,8.0,97.933,28.355,32.585,36.993,HARD,6.0,2.0,0,17.0,17.9,False,0,0,0,0
Las Vegas Grand Prix,LAW,Racing Bulls,8.0,97.826,28.304,32.719,36.803,HARD,6.0,2.0,0,17.0,17.9,False,0,0,0,0
Las Vegas Grand Prix,VER,Red Bull Racing,9.0,96.319,27.396,32.039,36.884,MEDIUM,9.0,1.0,0,17.0,17.8,False,0,0,0,0
Las Vegas Grand Prix,RUS,Mercedes,9.0,96.76,27.672,32.501,36.587,MEDIUM,9.0,1.0,0,17.0,17.8,False,0,0,0,0
Las Vegas Grand Prix,NOR,McLaren,9.0,96.856,27.59,32.647,36.619,MEDIUM,9.0,1.0,0,17.0,17.8,False,0,0,0,0
Las Vegas Grand Prix,SAI,Williams,9.0,97.088,27.777,32.656,36.655,MEDIUM,9.0,1.0,0,17.0,17.8,False,0,0,0,0
Las Vegas Grand Prix,HAD,Racing Bulls,9.0,97.202,27.894,32.734,36.574,MEDIUM,9.0,1.0,0,17.0,17.8,False,0,0,0,0
Las Vegas Grand Prix,PIA,McLaren,9.0,97.553,27.874,33.046,36.633,MEDIUM,9.0,1.0,0,17.0,17.8,False,0,0,0,0
Las Vegas Grand Prix,LEC,Ferrari,9.0,96.595,27.583,32.228,36.784,MEDIUM,9.0,1.0,0,17.0,17.8,False,0,0,0,0
Las Vegas Grand Prix,BEA,Haas F1 Team,9.0,97.713,28.004,32.881,36.828,MEDIUM,9.0,1.0,0,17.0,17.8,False,0,0,0,0
Las Vegas Grand Prix,ALO,Aston Martin,9.0,97.625,27.922,32.901,36.802,MEDIUM,9.0,1.0,0,17.0,17.8,False,0,0,0,0
Las Vegas Grand Prix,HUL,Kick Sauber,9.0,97.984,28.195,33.052,36.737,HARD,9.0,1.0,0,17.0,17.8,False,0,0,0,0
Las Vegas Grand Prix,OCO,Haas F1 Team,9.0,98.033,28.338,32.976,36.719,MEDIUM,9.0,1.0,0,17.0,17.8,False,0,0,0,0
Las Vegas Grand Prix,HAM,Ferrari,9.0,98.256,28.283,33.276,36.697,HARD,9.0,1.0,0,17.0,17.8,False,0,0,0,0
Las Vegas Grand Prix,ALB,Williams,9.0,97.576,28.087,33.087,36.402,HARD,9.0,1.0,0,17.0,17.8,False,0,0,0,0
Las Vegas Grand Prix,COL,Alpine,9.0,98.462,28.335,33.014,37.113,HARD,9.0,1.0,0,17.0,17.8,False,0,0,0,0
Las Vegas Grand Prix,ANT,Mercedes,9.0,97.319,27.909,32.784,36.626,HARD,7.0,2.0,0,17.0,17.8,False,0,0,0,0
Las Vegas Grand Prix,TSU,Red Bull Racing,9.0,96.95,27.686,32.597,36.667,HARD,8.0,2.0,0,17.0,17.8,False,0,0,0,0
Las Vegas Grand Prix,GAS,Alpine,9.0,97.446,28.09,32.478,36.878,HARD,7.0,2.0,0,17.0,17.8,False,0,0,0,0
Las Vegas Grand Prix,LAW,Racing Bulls,9.0,97.59,28.234,32.613,36.743,HARD,7.0,2.0,0,17.0,17.8,False,0,0,0,0
Las Vegas Grand Prix,VER,Red Bull Racing,10.0,96.899,27.595,32.371,36.933,MEDIUM,10.0,1.0,0,17.0,17.9,False,0,0,0,0
Las Vegas Grand Prix,RUS,Mercedes,10.0,96.803,27.826,32.402,36.575,MEDIUM,10.0,1.0,0,17.0,17.9,False,0,0,0,0
Las Vegas Grand Prix,NOR,McLaren,10.0,96.439,27.564,32.357,36.518,MEDIUM,10.0,1.0,0,17.0,17.9,False,0,0,0,0
Las Vegas Grand Prix,SAI,Williams,10.0,97.365,27.985,32.6,36.78,MEDIUM,10.0,1.0,0,17.0,17.9,False,0,0,0,0
Las Vegas Grand Prix,HAD,Racing Bulls,10.0,97.252,27.831,32.728,36.693,MEDIUM,10.0,1.0,0,17.0,17.9,False,0,0,0,0
Las Vegas Grand Prix,PIA,McLaren,10.0,96.834,27.773,32.601,36.46,MEDIUM,10.0,1.0,0,17.0,17.9,False,0,0,0,0
Las Vegas Grand Prix,LEC,Ferrari,10.0,96.724,27.715,32.304,36.705,MEDIUM,10.0,1.0,0,17.0,17.9,False,0,0,0,0
Las Vegas Grand Prix,BEA,Haas F1 Team,10.0,97.478,27.982,32.697,36.799,MEDIUM,10.0,1.0,0,17.0,17.9,False,0,0,0,0
Las Vegas Grand Prix,ALO,Aston Martin,10.0,97.566,27.965,32.743,36.858,MEDIUM,10.0,1.0,0,17.0,17.9,False,0,0,0,0
Las Vegas Grand Prix,HUL,Kick Sauber,10.0,97.434,27.905,32.854,36.675,HARD,10.0,1.0,0,17.0,17.9,False,0,0,0,0
Las Vegas Grand Prix,OCO,Haas F1 Team,10.0,97.324,28.153,32.652,36.519,MEDIUM,10.0,1.0,0,17.0,17.9,False,0,0,0,0
Las Vegas Grand Prix,HAM,Ferrari,10.0,97.372,28.097,32.806,36.469,HARD,10.0,1.0,0,17.0,17.8,False,0,0,0,0
Las Vegas Grand Prix,ALB,Williams,10.0,98.0,28.529,32.95,36.521,HARD,10.0,1.0,0,17.0,17.8,False,0,0,0,0
Las Vegas Grand Prix,ANT,Mercedes,10.0,97.692,28.214,32.805,36.673,HARD,8.0,2.0,0,17.0,17.8,False,0,0,0,0
Las Vegas Grand Prix,COL,Alpine,10.0,98.863,28.163,32.825,37.875,HARD,10.0,1.0,0,17.0,17.8,False,0,0,0,0
Las Vegas Grand Prix,TSU,Red Bull Racing,10.0,96.961,27.646,32.597,36.718,HARD,9.0,2.0,0,17.0,17.8,False,0,0,0,0
Las Vegas Grand Prix,GAS,Alpine,10.0,97.465,28.172,32.405,36.888,HARD,8.0,2.0,0,17.0,17.8,False,0,0,0,0
Las Vegas Grand Prix,LAW,Racing Bulls,10.0,97.169,28.022,32.534,36.613,HARD,8.0,2.0,0,17.0,17.8,False,0,0,0,0
Las Vegas Grand Prix,VER,Red Bull Racing,11.0,96.42,27.412,32.202,36.806,MEDIUM,11.0,1.0,0,17.0,17.9,False,0,0,0,0
Las Vegas Grand Prix,RUS,Mercedes,11.0,96.802,27.697,32.489,36.616,MEDIUM,11.0,1.0,0,17.0,17.9,False,0,0,0,0
Las Vegas Grand Prix,NOR,McLaren,11.0,96.345,27.65,32.167,36.528,MEDIUM,11.0,1.0,0,17.0,17.9,False,0,0,0,0
Las Vegas Grand Prix,SAI,Williams,11.0,97.027,27.636,32.664,36.727,MEDIUM,11.0,1.0,0,17.0,17.9,False,0,0,0,0
Las Vegas Grand Prix,HAD,Racing Bulls,11.0,97.439,27.88,32.789,36.77,MEDIUM,11.0,1.0,0,17.0,17.9,False,0,0,0,0
Las Vegas Grand Prix,PIA,McLaren,11.0,96.705,27.691,32.605,36.409,MEDIUM,11.0,1.0,0,17.0,17.9,False,0,0,0,0
Las Vegas Grand Prix,LEC,Ferrari,11.0,96.826,27.456,32.693,36.677,MEDIUM,11.0,1.0,0,17.0,17.9,False,0,0,0,0
Las Vegas Grand Prix,BEA,Haas F1 Team,11.0,97.189,27.891,32.613,36.685,MEDIUM,11.0,1.0,0,17.0,17.9,False,0,0,0,0
Las Vegas Grand Prix,ALO,Aston Martin,11.0,97.381,27.698,32.819,36.864,MEDIUM,11.0,1.0,0,17.0,17.9,False,0,0,0,0
Las Vegas Grand Prix,HUL,Kick Sauber,11.0,97.38,27.825,32.879,36.676,HARD,11.0,1.0,0,17.0,17.9,False,0,0,0,0
Las Vegas Grand Prix,OCO,Haas F1 Team,11.0,97.786,28.088,32.975,36.723,MEDIUM,11.0,1.0,0,17.0,17.9,False,0,0,0,0
Las Vegas Grand Prix,HAM,Ferrari,11.0,97.213,27.939,32.95,36.324,HARD,11.0,1.0,0,17.0,17.9,False,0,0,0,0
Las Vegas Grand Prix,ALB,Williams,11.0,97.353,27.956,32.954,36.443,HARD,11.0,1.0,0,17.0,17.9,False,0,0,0,0
Las Vegas Grand Prix,ANT,Mercedes,11.0,96.888,27.62,32.575,36.693,HARD,9.0,2.0,0,17.0,17.9,False,0,0,0,0
Las Vegas Grand Prix,COL,Alpine,11.0,98.518,28.333,33.127,37.058,HARD,11.0,1.0,0,17.0,17.9,False,0,0,0,0
Las Vegas Grand Prix,TSU,Red Bull Racing,11.0,96.908,27.707,32.468,36.733,HARD,10.0,2.0,0,17.0,17.9,False,0,0,0,0
Las Vegas Grand Prix,GAS,Alpine,11.0,97.356,27.916,32.489,36.951,HARD,9.0,2.0,0,17.0,17.8,False,0,0,0,0
Las Vegas Grand Prix,LAW,Racing Bulls,11.0,97.102,27.872,32.599,36.631,HARD,9.0,2.0,0,17.0,17.8,False,0,0,0,0
Las Vegas Grand Prix,VER,Red Bull Racing,12.0,96.453,27.326,32.314,36.813,MEDIUM,12.0,1.0,0,17.0,17.8,False,0,0,0,0
Las Vegas Grand Prix,RUS,Mercedes,12.0,96.364,27.55,32.3,36.514,MEDIUM,12.0,1.0,0,17.0,17.8,False,0,0,0,0
Las Vegas Grand Prix,NOR,McLaren,12.0,96.264,27.51,32.361,36.393,MEDIUM,12.0,1.0,0,17.0,17.8,False,0,0,0,0
Las Vegas Grand Prix,SAI,Williams,12.0,96.984,27.826,32.438,36.72,MEDIUM,12.0,1.0,0,17.0,17.7,False,0,0,0,0
Las Vegas Grand Prix,HAD,Racing Bulls,12.0,97.85,27.935,32.735,37.18,MEDIUM,12.0,1.0,0,17.0,17.7,False,0,0,0,0
Las Vegas Grand Prix,LEC,Ferrari,12.0,96.517,27.701999999999998,32.495,36.32,MEDIUM,12.0,1.0,0,17.0,17.7,False,0,0,0,0
Las Vegas Grand Prix,PIA,McLaren,12.0,98.447,27.973,33.174,37.3,MEDIUM,12.0,1.0,0,17.0,17.7,False,0,0,0,0
Las Vegas Grand Prix,BEA,Haas F1 Team,12.0,97.197,27.802,32.756,36.639,MEDIUM,12.0,1.0,0,17.0,17.7,False,0,0,0,0
Las Vegas Grand Prix,ALO,Aston Martin,12.0,97.372,27.806,32.665,36.901,MEDIUM,12.0,1.0,0,17.0,17.7,False,0,0,0,0
Las Vegas Grand Prix,HUL,Kick Sauber,12.0,97.251,27.934,32.682,36.635,HARD,12.0,1.0,0,17.0,17.7,False,0,0,0,0
Las Vegas Grand Prix,OCO,Haas F1 Team,12.0,97.365,28.019,32.724,36.622,MEDIUM,12.0,1.0,0,17.0,17.7,False,0,0,0,0
Las Vegas Grand Prix,HAM,Ferrari,12.0,97.373,28.29,32.809,36.274,HARD,12.0,1.0,0,17.0,17.7,False,0,0,0,0
Las Vegas Grand Prix,ALB,Williams,12.0,97.328,28.088,32.919,36.321,HARD,12.0,1.0,0,17.0,17.7,False,0,0,0,0
Las Vegas Grand Prix,ANT,Mercedes,12.0,96.293,27.456,32.304,36.533,HARD,10.0,2.0,0,17.0,17.7,False,0,0,0,0
Las Vegas Grand Prix,COL,Alpine,12.0,98.402,28.357,33.077,36.968,HARD,12.0,1.0,0,17.0,17.7,False,0,0,0,0
Las Vegas Grand Prix,TSU,Red Bull Racing,12.0,96.434,27.639,32.272,36.523,HARD,11.0,2.0,0,17.0,17.7,False,0,0,0,0
Las Vegas Grand Prix,GAS,Alpine,12.0,97.16,27.927,32.36,36.873,HARD,10.0,2.0,0,17.0,17.7,False,0,0,0,0
Las Vegas Grand Prix,LAW,Racing Bulls,12.0,97.097,27.939,32.632,36.526,HARD,10.0,2.0,0,17.0,17.7,False,0,0,0,0
Las Vegas Grand Prix,VER,Red Bull Racing,13.0,96.101,27.291,32.072,36.738,MEDIUM,13.0,1.0,0,17.0,17.7,False,0,0,0,0
Las Vegas Grand Prix,RUS,Mercedes,13.0,96.183,27.484,32.177,36.522,MEDIUM,13.0,1.0,0,17.0,17.7,False,0,0,0,0
Las Vegas Grand Prix,NOR,McLaren,13.0,96.298,27.481,32.272,36.545,MEDIUM,13.0,1.0,0,17.0,17.7,False,0,0,0,0
Las Vegas Grand Prix,SAI,Williams,13.0,97.081,27.696,32.552,36.833,MEDIUM,13.0,1.0,0,17.0,17.7,False,0,0,0,0
Las Vegas Grand Prix,LEC,Ferrari,13.0,97.273,27.825,32.594,36.854,MEDIUM,13.0,1.0,0,17.0,17.7,False,0,0,0,0
Las Vegas Grand Prix,HAD,Racing Bulls,13.0,98.181,27.833,32.613,37.735,MEDIUM,13.0,1.0,0,17.0,17.7,False,0,0,0,0
Las Vegas Grand Prix,PIA,McLaren,13.0,97.29,27.881,32.879,36.53,MEDIUM,13.0,1.0,0,17.0,17.7,False,0,0,0,0
Las Vegas Grand Prix,BEA,Haas F1 Team,13.0,97.402,27.854,32.737,36.811,MEDIUM,13.0,1.0,0,17.0,17.7,False,0,0,0,0
Las Vegas Grand Prix,ALO,Aston Martin,13.0,97.59,27.95,32.615,37.025,MEDIUM,13.0,1.0,0,17.0,17.7,False,0,0,0,0
Las Vegas Grand Prix,HUL,Kick Sauber,13.0,97.432,27.919,32.856,36.657,HARD,13.0,1.0,0,17.0,17.7,False,0,0,0,0
Las Vegas Grand Prix,OCO,Haas F1 Team,13.0,97.5,28.037,32.715,36.748,MEDIUM,13.0,1.0,0,17.0,17.7,False,0,0,0,0
Las Vegas Grand Prix,HAM,Ferrari,13.0,99.433,28.293,33.573,37.567,HARD,13.0,1.0,0,17.0,17.7,False,0,0,0,0
Las Vegas Grand Prix,ANT,Mercedes,13.0,95.868,27.364,32.062,36.442,HARD,11.0,2.0,0,17.0,17.7,False,0,0,0,0
Las Vegas Grand Prix,ALB,Williams,13.0,103.792,28.039,33.099,42.654,HARD,13.0,1.0,1,17.0,17.7,False,0,0,0,0
Las Vegas Grand Prix,COL,Alpine,13.0,98.296,28.242,32.86,37.194,HARD,13.0,1.0,0,16.9,17.7,False,0,0,0,0
Las Vegas Grand Prix,TSU,Red Bull Racing,13.0,96.642,27.574,32.538,36.53,HARD,12.0,2.0,0,16.9,17.7,False,0,0,0,0
Las Vegas Grand Prix,GAS,Alpine,13.0,97.482,27.989,32.579,36.914,HARD,11.0,2.0,0,16.9,17.7,False,0,0,0,0
Las Vegas Grand Prix,LAW,Racing Bulls,13.0,97.073,27.915,32.633,36.525,HARD,11.0,2.0,0,16.9,17.7,False,0,0,0,0
Las Vegas Grand Prix,VER,Red Bull Racing,14.0,96.209,27.319,32.108,36.782,MEDIUM,14.0,1.0,0,16.9,17.7,False,0,0,0,0
Las Vegas Grand Prix,RUS,Mercedes,14.0,96.273,27.479,32.239,36.555,MEDIUM,14.0,1.0,0,16.9,17.7,False,0,0,0,0
Las Vegas Grand Prix,NOR,McLaren,14.0,95.962,27.309,32.179,36.474,MEDIUM,14.0,1.0,0,16.9,17.7,False,0,0,0,0
Las Vegas Grand Prix,SAI,Williams,14.0,96.997,27.816,32.468,36.713,MEDIUM,14.0,1.0,0,16.9,17.7,False,0,0,0,0
Las Vegas Grand Prix,LEC,Ferrari,14.0,96.834,27.584,32.224,37.026,MEDIUM,14.0,1.0,0,16.9,17.7,False,0,0,0,0
Las Vegas Grand Prix,HAD,Racing Bulls,14.0,97.481,27.879,32.749,36.853,MEDIUM,14.0,1.0,0,16.9,17.7,False,0,0,0,0
Las Vegas Grand Prix,PIA,McLaren,14.0,97.579,28.241,32.722,36.616,MEDIUM,14.0,1.0,0,16.9,17.7,False,0,0,0,0
Las Vegas Grand Prix,BEA,Haas F1 Team,14.0,97.565,27.79,32.998,36.777,MEDIUM,14.0,1.0,0,16.9,17.7,False,0,0,0,0
Las Vegas Grand Prix,ALO,Aston Martin,14.0,97.627,27.807,32.732,37.088,MEDIUM,14.0,1.0,0,16.9,17.7,False,0,0,0,0
Las Vegas Grand Prix,HUL,Kick Sauber,14.0,97.508,28.166,32.728,36.614,HARD,14.0,1.0,0,16.9,17.7,False,0,0,0,0
Las Vegas Grand Prix,OCO,Haas F1 Team,14.0,97.678,28.159,32.764,36.755,MEDIUM,14.0,1.0,0,16.9,17.7,False,0,0,0,0
Las Vegas Grand Prix,HAM,Ferrari,14.0,97.131,27.897,32.655,36.579,HARD,14.0,1.0,0,16.9,17.7,False,0,0,0,0
Las Vegas Grand Prix,ANT,Mercedes,14.0,96.271,27.482,32.277,36.512,HARD,12.0,2.0,0,16.9,17.7,False,0,0,0,0
Las Vegas Grand Prix,COL,Alpine,14.0,98.051,28.174,32.712,37.165,HARD,14.0,1.0,0,16.9,17.7,False,0,0,0,0
Las Vegas Grand Prix,TSU,Red Bull Racing,14.0,96.749,27.622,32.522,36.605,HARD,13.0,2.0,0,16.9,17.7,False,0,0,0,0
Las Vegas Grand Prix,GAS,Alpine,14.0,97.278,27.904,32.401,36.973,HARD,12.0,2.0,0,16.9,17.7,False,0,0,0,0
Las Vegas Grand Prix,LAW,Racing Bulls,14.0,97.211,27.99,32.55,36.671,HARD,12.0,2.0,0,16.9,17.7,False,0,0,0,0
Las Vegas Grand Prix,ALB,Williams,14.0,122.604,46.692,33.858,42.054,MEDIUM,1.0,2.0,1,16.9,17.7,False,0,0,0,0
Las Vegas Grand Prix,VER,Red Bull Racing,15.0,96.326,27.21,32.202,36.914,MEDIUM,15.0,1.0,0,16.9,17.7,False,0,0,0,0
Las Vegas Grand Prix,RUS,Mercedes,15.0,96.363,27.54,32.252,36.571,MEDIUM,15.0,1.0,0,16.9,17.7,False,0,0,0,0
Las Vegas Grand Prix,NOR,McLaren,15.0,96.087,27.458,32.214,36.415,MEDIUM,15.0,1.0,0,16.9,17.7,False,0,0,0,0
Las Vegas Grand Prix,SAI,Williams,15.0,96.835,27.715,32.34,36.78,MEDIUM,15.0,1.0,0,16.9,17.7,False,0,0,0,0
Las Vegas Grand Prix,LEC,Ferrari,15.0,96.373,27.583,31.879,36.911,MEDIUM,15.0,1.0,0,16.9,17.7,False,0,0,0,0
Las Vegas Grand Prix,HAD,Racing Bulls,15.0,97.285,27.783,32.587,36.915,MEDIUM,15.0,1.0,0,16.9,17.7,False,0,0,0,0
Las Vegas Grand Prix,PIA,McLaren,15.0,97.099,27.988,32.611,36.5,MEDIUM,15.0,1.0,0,16.9,17.7,False,0,0,0,0
Las Vegas Grand Prix,BEA,Haas F1 Team,15.0,97.414,27.876,32.814,36.724,MEDIUM,15.0,1.0,0,16.9,17.6,False,0,0,0,0
Las Vegas Grand Prix,ALO,Aston Martin,15.0,97.731,27.987,32.702,37.042,MEDIUM,15.0,1.0,0,16.9,17.6,False,0,0,0,0
Las Vegas Grand Prix,HUL,Kick Sauber,15.0,97.708,28.093,32.791,36.824,HARD,15.0,1.0,0,16.9,17.6,False,0,0,0,0
Las Vegas Grand Prix,OCO,Haas F1 Team,15.0,97.571,28.014,32.828,36.729,MEDIUM,15.0,1.0,0,16.9,17.6,False,0,0,0,0
Las Vegas Grand Prix,HAM,Ferrari,15.0,96.934,27.902,32.618,36.414,HARD,15.0,1.0,0,16.9,17.6,False,0,0,0,0
Las Vegas Grand Prix,ANT,Mercedes,15.0,97.177,27.373,32.323,37.481,HARD,13.0,2.0,0,16.9,17.6,False,0,0,0,0
Las Vegas Grand Prix,COL,Alpine,15.0,104.254,28.121,32.685,43.448,HARD,15.0,1.0,0,16.9,17.6,False,0,0,0,0
Las Vegas Grand Prix,TSU,Red Bull Racing,15.0,104.062,27.655,32.629,43.778,HARD,14.0,2.0,0,16.9,17.6,False,0,0,0,0
Las Vegas Grand Prix,GAS,Alpine,15.0,106.122,27.911,32.238,45.973,HARD,13.0,2.0,0,16.9,17.6,False,0,0,0,0
Las Vegas Grand Prix,LAW,Racing Bulls,15.0,108.179,28.163,32.625,47.391,HARD,13.0,2.0,0,16.9,17.6,False,0,0,0,0
Las Vegas Grand Prix,ALB,Williams,15.0,143.504,52.206,40.281,51.017,HARD,1.0,3.0,1,16.9,17.6,False,0,0,0,0
Las Vegas Grand Prix,VER,Red Bull Racing,16.0,118.061,27.726,46.002,44.333,MEDIUM,16.0,1.0,0,16.9,17.6,False,0,0,0,0
Las Vegas Grand Prix,RUS,Mercedes,16.0,118.698,29.274,45.427,43.997,MEDIUM,16.0,1.0,0,16.9,17.6,False,0,0,0,0
Las Vegas Grand Prix,NOR,McLaren,16.0,118.262,29.114,45.983,43.165,MEDIUM,16.0,1.0,0,16.9,17.6,False,0,0,0,0
Las Vegas Grand Prix,SAI,Williams,16.0,118.817,36.165,42.669,39.983,MEDIUM,16.0,1.0,0,16.9,17.6,False,0,0,0,0
Las Vegas Grand Prix,LEC,Ferrari,16.0,119.494,35.682,42.813,40.999,MEDIUM,16.0,1.0,0,16.9,17.6,False,0,0,0,0
Las Vegas Grand Prix,PIA,McLaren,16.0,118.898,36.879,42.822,39.197,MEDIUM,16.0,1.0,0,16.9,17.6,False,0,0,0,0
Las Vegas Grand Prix,HAD,Racing Bulls,16.0,119.565,36.188,43.375,40.002,MEDIUM,16.0,1.0,0,16.9,17.6,False,0,0,0,0
Las Vegas Grand Prix,BEA,Haas F1 Team,16.0,119.651,37.642,43.976,38.033,MEDIUM,16.0,1.0,0,16.9,17.6,False,0,0,0,0
Las Vegas Grand Prix,HUL,Kick Sauber,16.0,118.416,38.177,43.272,36.967,HARD,16.0,1.0,0,16.9,17.6,False,0,0,0,0
Las Vegas Grand Prix,OCO,Haas F1 Team,16.0,117.833,38.084,43.048,36.701,MEDIUM,16.0,1.0,0,16.9,17.6,False,0,0,0,0
Las Vegas Grand Prix,HAM,Ferrari,16.0,117.928,38.8,42.475,36.653,HARD,16.0,1.0,0,16.9,17.6,False,0,0,0,0
Las Vegas Grand Prix,ALO,Aston Martin,16.0,123.307,38.125,43.143,42.039,MEDIUM,16.0,1.0,1,16.9,17.6,False,0,0,0,0
Las Vegas Grand Prix,ANT,Mercedes,16.0,118.519,39.415,42.26,36.844,HARD,14.0,2.0,0,16.9,17.6,False,0,0,0,0
Las Vegas Grand Prix,COL,Alpine,16.0,112.367,37.392,37.933,37.042,HARD,16.0,1.0,0,16.9,17.6,False,0,0,0,0
Las Vegas Grand Prix,TSU,Red Bull Racing,16.0,111.345,37.477,37.316,36.552,HARD,15.0,2.0,0,16.9,17.6,False,0,0,0,0
Las Vegas Grand Prix,GAS,Alpine,16.0,108.975,37.276,34.798,36.901,HARD,14.0,2.0,0,16.9,17.6,False,0,0,0,0
Las Vegas Grand Prix,LAW,Racing Bulls,16.0,108.212,37.082,34.464,36.666,HARD,14.0,2.0,0,16.9,17.6,False,0,0,0,0
Las Vegas Grand Prix,ALB,Williams,16.0,97.202,28.279,32.152,36.771,HARD,2.0,3.0,0,16.8,17.5,False,0,0,0,0
Las Vegas Grand Prix,VER,Red Bull Racing,17.0,96.139,27.274,32.152,36.713,MEDIUM,17.0,1.0,0,16.8,17.5,False,0,0,0,0
Las Vegas Grand Prix,NOR,McLaren,17.0,95.706,27.414,32.037,36.255,MEDIUM,17.0,1.0,0,16.8,17.5,False,0,0,0,0
Las Vegas Grand Prix,RUS,Mercedes,17.0,100.031,27.468,31.977,40.586,MEDIUM,17.0,1.0,1,16.8,17.5,False,0,0,0,0
Las Vegas Grand Prix,SAI,Williams,17.0,96.35,27.553,32.218,36.579,MEDIUM,17.0,1.0,0,16.8,17.5,False,0,0,0,0
Las Vegas Grand Prix,LEC,Ferrari,17.0,96.411,27.56,31.941,36.91,MEDIUM,17.0,1.0,0,16.8,17.5,False,0,0,0,0
Las Vegas Grand Prix,PIA,McLaren,17.0,96.339,27.662,32.136,36.541,MEDIUM,17.0,1.0,0,16.8,17.5,False,0,0,0,0
Las Vegas Grand Prix,HAD,Racing Bulls,17.0,97.437,27.947,32.57,36.92,MEDIUM,17.0,1.0,0,16.8,17.5,False,0,0,0,0
Las Vegas Grand Prix,HUL,Kick Sauber,17.0,96.381,27.647,32.435,36.299,HARD,17.0,1.0,0,16.8,17.5,False,0,0,0,0
Las Vegas Grand Prix,OCO,Haas F1 Team,17.0,96.71,27.78,32.469,36.461,MEDIUM,17.0,1.0,0,16.8,17.5,False,0,0,0,0
Las Vegas Grand Prix,HAM,Ferrari,17.0,96.431,27.614,32.437,36.38,HARD,17.0,1.0,0,16.8,17.5,False,0,0,0,0
Las Vegas Grand Prix,BEA,Haas F1 Team,17.0,102.814,27.721,33.013,42.08,MEDIUM,17.0,1.0,1,16.8,17.5,False,0,0,0,0
Las Vegas Grand Prix,ANT,Mercedes,17.0,96.602,27.886,32.265,36.451,HARD,15.0,2.0,0,16.8,17.5,False,0,0,0,0
Las Vegas Grand Prix,COL,Alpine,17.0,97.942,28.114,32.808,37.02,HARD,17.0,1.0,0,16.8,17.5,False,0,0,0,0
Las Vegas Grand Prix,TSU,Red Bull Racing,17.0,96.64,27.629,32.523,36.488,HARD,16.0,2.0,0,16.8,17.5,False,0,0,0,0
Las Vegas Grand Prix,ALO,Aston Martin,17.0,111.939,42.722,32.493,36.724,HARD,1.0,2.0,1,16.7,17.6,False,0,0,0,0
Las Vegas Grand Prix,GAS,Alpine,17.0,96.874,27.833,32.247,36.794,HARD,15.0,2.0,0,16.7,17.6,False,0,0,0,0
Las Vegas Grand Prix,LAW,Racing Bulls,17.0,96.883,27.922,32.301,36.66,HARD,15.0,2.0,0,16.7,17.6,False,0,0,0,0
Las Vegas Grand Prix,ALB,Williams,17.0,96.408,27.491,32.201,36.716,HARD,3.0,3.0,0,16.7,17.6,False,0,0,0,0
Las Vegas Grand Prix,VER,Red Bull Racing,18.0,95.857,27.195,31.969,36.693,MEDIUM,18.0,1.0,0,16.7,17.6,False,0,0,0,0
Las Vegas Grand Prix,NOR,McLaren,18.0,95.591,27.127,32.017,36.447,MEDIUM,18.0,1.0,0,16.7,17.6,False,0,0,0,0
Las Vegas Grand Prix,SAI,Williams,18.0,96.717,27.621,32.344,36.752,MEDIUM,18.0,1.0,0,16.7,17.5,False,0,0,0,0
Las Vegas Grand Prix,LEC,Ferrari,18.0,96.225,27.384,32.007,36.834,MEDIUM,18.0,1.0,0,16.7,17.5,False,0,0,0,0
Las Vegas Grand Prix,PIA,McLaren,18.0,96.282,27.643,32.206,36.433,MEDIUM,18.0,1.0,0,16.7,17.5,False,0,0,0,0
Las Vegas Grand Prix,HAD,Racing Bulls,18.0,97.381,27.888,32.568,36.925,MEDIUM,18.0,1.0,0,16.7,17.5,False,0,0,0,0
Las Vegas Grand Prix,RUS,Mercedes,18.0,111.552,42.938,32.325,36.289,HARD,1.0,2.0,1,16.7,17.5,False,0,0,0,0
Las Vegas Grand Prix,HUL,Kick Sauber,18.0,96.525,27.616,32.282,36.627,HARD,18.0,1.0,0,16.7,17.5,False,0,0,0,0
Las Vegas Grand Prix,OCO,Haas F1 Team,18.0,96.99,27.931,32.601,36.458,MEDIUM,18.0,1.0,0,16.7,17.5,False,0,0,0,0
Las Vegas Grand Prix,HAM,Ferrari,18.0,96.641,27.781,32.682,36.178,HARD,18.0,1.0,0,16.7,17.5,False,0,0,0,0
Las Vegas Grand Prix,ANT,Mercedes,18.0,95.968,27.465,32.141,36.362,HARD,16.0,2.0,0,16.7,17.5,False,0,0,0,0
Las Vegas Grand Prix,COL,Alpine,18.0,97.403,28.032,32.422,36.949,HARD,18.0,1.0,0,16.7,17.5,False,0,0,0,0
Las Vegas Grand Prix,TSU,Red Bull Racing,18.0,97.055,27.805,32.777,36.473,HARD,17.0,2.0,0,16.7,17.5,False,0,0,0,0
Las Vegas Grand Prix,ALO,Aston Martin,18.0,96.92,27.678,32.424,36.818,HARD,2.0,2.0,0,16.7,17.5,False,0,0,0,0
Las Vegas Grand Prix,BEA,Haas F1 Team,18.0,113.704,43.703,33.256,36.745,HARD,1.0,2.0,1,16.7,17.5,False,0,0,0,0
Las Vegas Grand Prix,GAS,Alpine,18.0,96.858,27.775,32.371,36.712,HARD,16.0,2.0,0,16.7,17.5,False,0,0,0,0
Las Vegas Grand Prix,LAW,Racing Bulls,18.0,96.82,27.874,32.392,36.554,HARD,16.0,2.0,0,16.7,17.5,False,0,0,0,0
Las Vegas Grand Prix,ALB,Williams,18.0,96.073,27.469,32.03,36.574,HARD,4.0,3.0,0,16.6,17.5,False,0,0,0,0
Las Vegas Grand Prix,VER,Red Bull Racing,19.0,95.86,27.03,32.081,36.749,MEDIUM,19.0,1.0,0,16.6,17.5,False,0,0,0,0
Las Vegas Grand Prix,NOR,McLaren,19.0,95.769,27.169,32.07,36.53,MEDIUM,19.0,1.0,0,16.6,17.5,False,0,0,0,0
Las Vegas Grand Prix,SAI,Williams,19.0,96.753,27.585,32.359,36.809,MEDIUM,19.0,1.0,0,16.6,17.5,False,0,0,0,0
Las Vegas Grand Prix,LEC,Ferrari,19.0,96.523,27.414,31.951999999999998,37.157,MEDIUM,19.0,1.0,0,16.6,17.5,False,0,0,0,0
Las Vegas Grand Prix,PIA,McLaren,19.0,96.426,27.64,32.32,36.466,MEDIUM,19.0,1.0,0,16.6,17.5,False,0,0,0,0
Las Vegas Grand Prix,HAD,Racing Bulls,19.0,97.099,27.67,32.547,36.882,MEDIUM,19.0,1.0,0,16.6,17.5,False,0,0,0,0
Las Vegas Grand Prix,RUS,Mercedes,19.0,95.869,27.566,32.03,36.273,HARD,2.0,2.0,0,16.6,17.5,False,0,0,0,0
Las Vegas Grand Prix,HUL,Kick Sauber,19.0,96.798,27.754,32.361,36.683,HARD,19.0,1.0,0,16.6,17.5,False,0,0,0,0
Las Vegas Grand Prix,OCO,Haas F1 Team,19.0,96.965,27.839,32.506,36.62,MEDIUM,19.0,1.0,0,16.6,17.5,False,0,0,0,0
Las Vegas Grand Prix,HAM,Ferrari,19.0,96.756,27.907,32.646,36.203,HARD,19.0,1.0,0,16.6,17.5,False,0,0,0,0
Las Vegas Grand Prix,ANT,Mercedes,19.0,95.682,27.388,32.043,36.251,HARD,17.0,2.0,0,16.6,17.5,False,0,0,0,0
Las Vegas Grand Prix,COL,Alpine,19.0,97.272,28.066,32.352,36.854,HARD,19.0,1.0,0,16.6,17.4,False,0,0,0,0
Las Vegas Grand Prix,TSU,Red Bull Racing,19.0,97.278,28.025,32.677,36.576,HARD,18.0,2.0,0,16.6,17.4,False,0,0,0,0
Las Vegas Grand Prix,ALO,Aston Martin,19.0,96.828,27.603,32.497,36.728,HARD,3.0,2.0,0,16.6,17.4,False,0,0,0,0
Las Vegas Grand Prix,BEA,Haas F1 Team,19.0,96.646,27.646,32.433,36.567,HARD,2.0,2.0,0,16.6,17.4,False,0,0,0,0
Las Vegas Grand Prix,GAS,Alpine,19.0,96.961,27.837,32.474,36.65,HARD,17.0,2.0,0,16.6,17.4,False,0,0,0,0
Las Vegas Grand Prix,LAW,Racing Bulls,19.0,97.11,27.83,32.442,36.838,HARD,17.0,2.0,0,16.6,17.4,False,0,0,0,0
Las Vegas Grand Prix,ALB,Williams,19.0,95.947,27.378,31.946,36.623,HARD,5.0,3.0,0,16.6,17.4,False,0,0,0,0
Las Vegas Grand Prix,VER,Red Bull Racing,20.0,95.756,27.037,32.0,36.719,MEDIUM,20.0,1.0,0,16.6,17.4,False,0,0,0,0
Las Vegas Grand Prix,NOR,McLaren,20.0,95.68,27.179,31.976,36.525,MEDIUM,20.0,1.0,0,16.6,17.4,False,0,0,0,0
Las Vegas Grand Prix,SAI,Williams,20.0,97.189,27.582,32.762,36.845,MEDIUM,20.0,1.0,0,16.6,17.4,False,0,0,0,0
Las Vegas Grand Prix,LEC,Ferrari,20.0,96.627,27.43,32.077,37.12,MEDIUM,20.0,1.0,0,16.6,17.4,False,0,0,0,0
Las Vegas Grand Prix,PIA,McLaren,20.0,96.707,27.685,32.589,36.433,MEDIUM,20.0,1.0,0,16.6,17.4,False,0,0,0,0
Las Vegas Grand Prix,RUS,Mercedes,20.0,95.731,27.45,32.014,36.267,HARD,3.0,2.0,0,16.6,17.4,False,0,0,0,0
Las Vegas Grand Prix,HUL,Kick Sauber,20.0,96.414,27.483,32.318,36.613,HARD,20.0,1.0,0,16.6,17.4,False,0,0,0,0
Las Vegas Grand Prix,HAD,Racing Bulls,20.0,102.417,27.667,32.598,42.152,MEDIUM,20.0,1.0,1,16.6,17.4,False,0,0,0,0
Las Vegas Grand Prix,HAM,Ferrari,20.0,96.708,28.066,32.581,36.061,HARD,20.0,1.0,0,16.6,17.4,False,0,0,0,0
Las Vegas Grand Prix,OCO,Haas F1 Team,20.0,97.482,27.763,32.611,37.108,MEDIUM,20.0,1.0,0,16.6,17.4,False,0,0,0,0
Las Vegas Grand Prix,ANT,Mercedes,20.0,96.186,27.458,32.4,36.328,HARD,18.0,2.0,0,16.6,17.4,False,0,0,0,0
Las Vegas Grand Prix,COL,Alpine,20.0,96.946,27.861,32.195,36.89,HARD,20.0,1.0,0,16.6,17.4,False,0,0,0,0
Las Vegas Grand Prix,TSU,Red Bull Racing,20.0,96.646,27.693,32.488,36.465,HARD,19.0,2.0,0,16.6,17.4,False,0,0,0,0
Las Vegas Grand Prix,ALO,Aston Martin,20.0,96.956,27.559,32.645,36.752,HARD,4.0,2.0,0,16.6,17.4,False,0,0,0,0
Las Vegas Grand Prix,BEA,Haas F1 Team,20.0,96.85,27.694,32.462,36.694,HARD,3.0,2.0,0,16.6,17.4,False,0,0,0,0
Las Vegas Grand Prix,GAS,Alpine,20.0,96.838,27.89,32.362,36.586,HARD,18.0,2.0,0,16.6,17.4,False,0,0,0,0
Las Vegas Grand Prix,LAW,Racing Bulls,20.0,96.713,27.733,32.452,36.528,HARD,18.0,2.0,0,16.6,17.4,False,0,0,0,0
Las Vegas Grand Prix,ALB,Williams,20.0,95.663,27.206,31.88,36.577,HARD,6.0,3.0,0,16.6,17.5,False,0,0,0,0
Las Vegas Grand Prix,VER,Red Bull Racing,21.0,95.574,27.085,31.902,36.587,MEDIUM,21.0,1.0,0,16.6,17.5,False,0,0,0,0
Las Vegas Grand Prix,NOR,McLaren,21.0,96.32,27.313,32.374,36.633,MEDIUM,21.0,1.0,0,16.6,17.5,False,0,0,0,0
Las Vegas Grand Prix,SAI,Williams,21.0,97.183,27.658,32.77,36.755,MEDIUM,21.0,1.0,0,16.6,17.5,False,0,0,0,0
Las Vegas Grand Prix,LEC,Ferrari,21.0,96.254,27.472,32.046,36.736,MEDIUM,21.0,1.0,0,16.6,17.5,False,0,0,0,0
Las Vegas Grand Prix,RUS,Mercedes,21.0,95.74,27.515,31.916,36.309,HARD,4.0,2.0,0,16.6,17.4,False,0,0,0,0
Las Vegas Grand Prix,PIA,McLaren,21.0,100.682,27.612,32.38,40.69,MEDIUM,21.0,1.0,1,16.6,17.4,False,0,0,0,0
Las Vegas Grand Prix,HUL,Kick Sauber,21.0,96.694,27.496,32.471,36.727,HARD,21.0,1.0,0,16.6,17.4,False,0,0,0,0
Las Vegas Grand Prix,HAM,Ferrari,21.0,96.137,27.651,32.01,36.476,HARD,21.0,1.0,0,16.6,17.4,False,0,0,0,0
Las Vegas Grand Prix,OCO,Haas F1 Team,21.0,97.17,28.085,32.474,36.611,MEDIUM,21.0,1.0,0,16.6,17.4,False,0,0,0,0
Las Vegas Grand Prix,ANT,Mercedes,21.0,96.43,27.413,32.689,36.328,HARD,19.0,2.0,0,16.6,17.4,False,0,0,0,0
Las Vegas Grand Prix,HAD,Racing Bulls,21.0,112.569,43.479,32.18,36.91,HARD,1.0,2.0,1,16.6,17.4,False,0,0,0,0
Las Vegas Grand Prix,COL,Alpine,21.0,97.979,27.97,32.783,37.226,HARD,21.0,1.0,0,16.6,17.4,False,0,0,0,0
Las Vegas Grand Prix,TSU,Red Bull Racing,21.0,97.548,28.224,32.547,36.777,HARD,20.0,2.0,0,16.6,17.4,False,0,0,0,0
Las Vegas Grand Prix,ALO,Aston Martin,21.0,97.046,27.762,32.539,36.745,HARD,5.0,2.0,0,16.6,17.4,False,0,0,0,0
Las Vegas Grand Prix,BEA,Haas F1 Team,21.0,96.661,27.659,32.626,36.376,HARD,4.0,2.0,0,16.6,17.4,False,0,0,0,0
Las Vegas Grand Prix,GAS,Alpine,21.0,97.17,27.94,32.32,36.91,HARD,19.0,2.0,0,16.6,17.4,False,0,0,0,0
Las Vegas Grand Prix,LAW,Racing Bulls,21.0,96.846,27.884,32.425,36.537,HARD,19.0,2.0,0,16.6,17.4,False,0,0,0,0
Las Vegas Grand Prix,ALB,Williams,21.0,95.634,27.219,31.85,36.565,HARD,7.0,3.0,0,16.6,17.4,False,0,0,0,0
Las Vegas Grand Prix,VER,Red Bull Racing,22.0,95.789,27.102,31.974,36.713,MEDIUM,22.0,1.0,0,16.6,17.4,False,0,0,0,0
Las Vegas Grand Prix,NOR,McLaren,22.0,101.141,27.446,32.425,41.27,MEDIUM,22.0,1.0,1,16.6,17.4,False,0,0,0,0
Las Vegas Grand Prix,LEC,Ferrari,22.0,98.007,27.789,32.786,37.432,MEDIUM,22.0,1.0,0,16.6,17.4,False,0,0,0,0
Las Vegas Grand Prix,RUS,Mercedes,22.0,96.045,27.405,32.037,36.603,HARD,5.0,2.0,0,16.6,17.4,False,0,0,0,0
Las Vegas Grand Prix,SAI,Williams,22.0,102.42,27.949,32.823,41.648,MEDIUM,22.0,1.0,1,16.6,17.4,False,0,0,0,0
Las Vegas Grand Prix,HUL,Kick Sauber,22.0,96.18,27.389,32.079,36.712,HARD,22.0,1.0,0,16.6,17.4,False,0,0,0,0
Las Vegas Grand Prix,HAM,Ferrari,22.0,96.091,27.463,32.155,36.473,HARD,22.0,1.0,0,16.6,17.4,False,0,0,0,0
Las Vegas Grand Prix,OCO,Haas F1 Team,22.0,96.537,27.682,32.228,36.627,MEDIUM,22.0,1.0,0,16.6,17.4,False,0,0,0,0
Las Vegas Grand Prix,ANT,Mercedes,22.0,96.437,27.548000000000002,32.436,36.453,HARD,20.0,2.0,0,16.6,17.4,False,0,0,0,0
Las Vegas Grand Prix,PIA,McLaren,22.0,111.292,43.088,31.907,36.297,HARD,1.0,2.0,1,16.6,17.4,False,0,0,0,0
Las Vegas Grand Prix,HAD,Racing Bulls,22.0,96.407,27.322,32.305,36.78,HARD,2.0,2.0,0,16.6,17.4,False,0,0,0,0
Las Vegas Grand Prix,ALO,Aston Martin,22.0,96.608,27.888,32.292,36.428,HARD,6.0,2.0,0,16.6,17.3,False,0,0,0,0
Las Vegas Grand Prix,COL,Alpine,22.0,98.221,28.398,32.522,37.301,HARD,22.0,1.0,0,16.6,17.3,False,0,0,0,0
Las Vegas Grand Prix,TSU,Red Bull Racing,22.0,98.734,28.951,33.24,36.543,HARD,21.0,2.0,0,16.6,17.3,False,0,0,0,0
Las Vegas Grand Prix,BEA,Haas F1 Team,22.0,96.892,27.87,32.699,36.323,HARD,5.0,2.0,0,16.6,17.3,False,0,0,0,0
Las Vegas Grand Prix,GAS,Alpine,22.0,96.92,27.887,32.406,36.627,HARD,20.0,2.0,0,16.6,17.3,False,0,0,0,0
Las Vegas Grand Prix,LAW,Racing Bulls,22.0,97.048,27.933,32.455,36.66,HARD,20.0,2.0,0,16.6,17.3,False,0,0,0,0
Las Vegas Grand Prix,ALB,Williams,22.0,95.675,27.257,31.874,36.544,HARD,8.0,3.0,0,16.6,17.3,False,0,0,0,0
Las Vegas Grand Prix,VER,Red Bull Racing,23.0,95.958,27.042,32.136,36.78,MEDIUM,23.0,1.0,0,16.6,17.3,False,0,0,0,0
Las Vegas Grand Prix,LEC,Ferrari,23.0,96.7,27.558,31.994,37.148,MEDIUM,23.0,1.0,0,16.5,17.3,False,0,0,0,0
Las Vegas Grand Prix,RUS,Mercedes,23.0,95.639,27.379,31.972,36.288,HARD,6.0,2.0,0,16.5,17.3,False,0,0,0,0
Las Vegas Grand Prix,NOR,McLaren,23.0,111.904,43.197,32.22,36.487,HARD,1.0,2.0,1,16.5,17.3,False,0,0,0,0
Las Vegas Grand Prix,HUL,Kick Sauber,23.0,96.108,27.4,32.105,36.603,HARD,23.0,1.0,0,16.5,17.3,False,0,0,0,0
Las Vegas Grand Prix,HAM,Ferrari,23.0,95.88,27.546,32.067,36.267,HARD,23.0,1.0,0,16.5,17.3,False,0,0,0,0
Las Vegas Grand Prix,OCO,Haas F1 Team,23.0,96.234,27.578,32.225,36.431,MEDIUM,23.0,1.0,0,16.5,17.3,False,0,0,0,0
Las Vegas Grand Prix,ANT,Mercedes,23.0,96.281,27.721,32.311,36.249,HARD,21.0,2.0,0,16.5,17.3,False,0,0,0,0
Las Vegas Grand Prix,PIA,McLaren,23.0,95.921,27.745,31.968,36.208,HARD,2.0,2.0,0,16.5,17.3,False,0,0,0,0
Las Vegas Grand Prix,SAI,Williams,23.0,113.182,43.875,32.747,36.56,HARD,1.0,2.0,1,16.5,17.3,False,0,0,0,0
Las Vegas Grand Prix,HAD,Racing Bulls,23.0,96.106,27.42,32.111,36.575,HARD,3.0,2.0,0,16.5,17.3,False,0,0,0,0
Las Vegas Grand Prix,ALO,Aston Martin,23.0,97.24,27.653,32.548,37.039,HARD,7.0,2.0,0,16.5,17.3,False,0,0,0,0
Las Vegas Grand Prix,COL,Alpine,23.0,97.749,28.203,32.681,36.865,HARD,23.0,1.0,0,16.5,17.3,False,0,0,0,0
Las Vegas Grand Prix,BEA,Haas F1 Team,23.0,97.219,28.072,32.857,36.29,HARD,6.0,2.0,0,16.5,17.3,False,0,0,0,0
Las Vegas Grand Prix,TSU,Red Bull Racing,23.0,98.214,28.146,32.867,37.201,HARD,22.0,2.0,0,16.5,17.3,False,0,0,0,0
Las Vegas Grand Prix,GAS,Alpine,23.0,97.141,28.062,32.442,36.637,HARD,21.0,2.0,0,16.5,17.3,False,0,0,0,0
Las Vegas Grand Prix,LAW,Racing Bulls,23.0,96.997,27.886,32.546,36.565,HARD,21.0,2.0,0,16.5,17.3,False,0,0,0,0
Las Vegas Grand Prix,ALB,Williams,23.0,95.484,27.153,31.771,36.56,HARD,9.0,3.0,0,16.5,17.3,False,0,0,0,0
Las Vegas Grand Prix,VER,Red Bull Racing,24.0,95.807,27.054,32.021,36.732,MEDIUM,24.0,1.0,0,16.5,17.3,False,0,0,0,0
Las Vegas Grand Prix,RUS,Mercedes,24.0,95.727,27.431,31.885,36.411,HARD,7.0,2.0,0,16.5,17.3,False,0,0,0,0
Las Vegas Grand Prix,NOR,McLaren,24.0,95.86,27.57,31.901,36.389,HARD,2.0,2.0,0,16.5,17.3,False,0,0,0,0
Las Vegas Grand Prix,LEC,Ferrari,24.0,100.815,27.414,31.999,41.402,MEDIUM,24.0,1.0,1,16.5,17.3,False,0,0,0,0
Las Vegas Grand Prix,HUL,Kick Sauber,24.0,95.892,27.257,32.113,36.522,HARD,24.0,1.0,0,16.5,17.3,False,0,0,0,0
Las Vegas Grand Prix,HAM,Ferrari,24.0,95.987,27.523,31.955,36.509,HARD,24.0,1.0,0,16.5,17.3,False,0,0,0,0
Las Vegas Grand Prix,ANT,Mercedes,24.0,96.181,27.517,32.425,36.239,HARD,22.0,2.0,0,16.5,17.3,False,0,0,0,0
Las Vegas Grand Prix,OCO,Haas F1 Team,24.0,97.271,27.638,32.401,37.232,MEDIUM,24.0,1.0,0,16.4,17.3,False,0,0,0,0
Las Vegas Grand Prix,PIA,McLaren,24.0,96.118,27.553,32.208,36.357,HARD,3.0,2.0,0,16.4,17.3,False,0,0,0,0
Las Vegas Grand Prix,SAI,Williams,24.0,95.922,27.505,31.991,36.426,HARD,2.0,2.0,0,16.4,17.3,False,0,0,0,0
Las Vegas Grand Prix,HAD,Racing Bulls,24.0,96.125,27.531,31.94,36.654,HARD,4.0,2.0,0,16.4,17.3,False,0,0,0,0
Las Vegas Grand Prix,ALO,Aston Martin,24.0,96.686,27.561,32.307,36.818,HARD,8.0,2.0,0,16.4,17.3,False,0,0,0,0
Las Vegas Grand Prix,BEA,Haas F1 Team,24.0,96.938,27.92,32.439,36.579,HARD,7.0,2.0,0,16.4,17.3,False,0,0,0,0
Las Vegas Grand Prix,COL,Alpine,24.0,98.061,28.05,32.327,37.684,HARD,24.0,1.0,0,16.4,17.3,False,0,0,0,0
Las Vegas Grand Prix,TSU,Red Bull Racing,24.0,97.434,28.101,32.823,36.51,HARD,23.0,2.0,0,16.4,17.3,False,0,0,0,0
Las Vegas Grand Prix,GAS,Alpine,24.0,97.262,28.202,32.428,36.632,HARD,22.0,2.0,0,16.4,17.3,False,0,0,0,0
Las Vegas Grand Prix,LAW,Racing Bulls,24.0,97.142,28.02,32.581,36.541,HARD,22.0,2.0,0,16.4,17.3,False,0,0,0,0
Las Vegas Grand Prix,ALB,Williams,24.0,95.453,27.167,31.804,36.482,HARD,10.0,3.0,0,16.4,17.3,False,0,0,0,0
Las Vegas Grand Prix,VER,Red Bull Racing,25.0,100.284,27.065,32.131,41.088,MEDIUM,25.0,1.0,1,16.4,17.3,False,0,0,0,0
Las Vegas Grand Prix,RUS,Mercedes,25.0,95.314,27.28,31.699,36.335,HARD,8.0,2.0,0,16.4,17.3,False,0,0,0,0
Las Vegas Grand Prix,NOR,McLaren,25.0,95.733,27.35,31.931,36.452,HARD,3.0,2.0,0,16.4,17.3,False,0,0,0,0
Las Vegas Grand Prix,HUL,Kick Sauber,25.0,95.883,27.367,32.004,36.512,HARD,25.0,1.0,0,16.4,17.3,False,0,0,0,0
Las Vegas Grand Prix,HAM,Ferrari,25.0,95.753,27.467,32.03,36.256,HARD,25.0,1.0,0,16.4,17.3,False,0,0,0,0
Las Vegas Grand Prix,ANT,Mercedes,25.0,95.539,27.1,32.079,36.36,HARD,23.0,2.0,0,16.4,17.3,False,0,0,0,0
Las Vegas Grand Prix,OCO,Haas F1 Team,25.0,97.24,27.975,32.599,36.666,MEDIUM,25.0,1.0,0,16.4,17.3,False,0,0,0,0
Las Vegas Grand Prix,PIA,McLaren,25.0,95.418,27.18,32.056,36.182,HARD,4.0,2.0,0,16.4,17.3,False,0,0,0,0
Las Vegas Grand Prix,LEC,Ferrari,25.0,111.534,43.06,31.792,36.682,HARD,1.0,2.0,1,16.4,17.3,False,0,0,0,0
Las Vegas Grand Prix,SAI,Williams,25.0,96.907,28.243,32.291,36.373,HARD,3.0,2.0,0,16.4,17.3,False,0,0,0,0
Las Vegas Grand Prix,HAD,Racing Bulls,25.0,96.117,27.34,32.148,36.629,HARD,5.0,2.0,0,16.4,17.3,False,0,0,0,0
Las Vegas Grand Prix,ALO,Aston Martin,25.0,96.413,27.299,32.189,36.925,HARD,9.0,2.0,0,16.4,17.3,False,0,0,0,0
Las Vegas Grand Prix,BEA,Haas F1 Team,25.0,96.328,27.773,32.125,36.43,HARD,8.0,2.0,0,16.4,17.3,False,0,0,0,0
Las Vegas Grand Prix,TSU,Red Bull Racing,25.0,97.473,28.242,32.853,36.378,HARD,24.0,2.0,0,16.4,17.3,False,0,0,0,0
Las Vegas Grand Prix,GAS,Alpine,25.0,97.06,27.988,32.546,36.526,HARD,23.0,2.0,0,16.4,17.3,False,0,0,0,0
Las Vegas Grand Prix,LAW,Racing Bulls,25.0,97.086,27.929,32.549,36.608,HARD,23.0,2.0,0,16.4,17.3,False,0,0,0,0
Las Vegas Grand Prix,COL,Alpine,25.0,102.106,28.231,32.432,41.443,HARD,25.0,1.0,1,16.4,17.3,False,0,0,0,0
Las Vegas Grand Prix,ALB,Williams,25.0,95.276,27.07,31.77,36.436,HARD,11.0,3.0,0,16.4,17.3,False,0,0,0,0
Las Vegas Grand Prix,VER,Red Bull Racing,26.0,111.173,43.029,31.564,36.58,HARD,1.0,2.0,1,16.4,17.3,False,0,0,0,0
Las Vegas Grand Prix,RUS,Mercedes,26.0,95.457,27.321,31.77,36.366,HARD,9.0,2.0,0,16.4,17.3,False,0,0,0,0
Las Vegas Grand Prix,NOR,McLaren,26.0,95.603,27.419,31.871,36.313,HARD,4.0,2.0,0,16.4,17.3,False,0,0,0,0
Las Vegas Grand Prix,HUL,Kick Sauber,26.0,96.186,27.5,32.139,36.547,HARD,26.0,1.0,0,16.4,17.3,False,0,0,0,0
Las Vegas Grand Prix,HAM,Ferrari,26.0,95.903,27.477,32.078,36.348,HARD,26.0,1.0,0,16.4,17.3,False,0,0,0,0
Las Vegas Grand Prix,ANT,Mercedes,26.0,95.32,27.138,31.969,36.213,HARD,24.0,2.0,0,16.4,17.3,False,0,0,0,0
Las Vegas Grand Prix,OCO,Haas F1 Team,26.0,96.9,27.915,32.394,36.591,MEDIUM,26.0,1.0,0,16.4,17.3,False,0,0,0,0
Las Vegas Grand Prix,PIA,McLaren,26.0,95.226,27.283,31.876,36.067,HARD,5.0,2.0,0,16.4,17.3,False,0,0,0,0
Las Vegas Grand Prix,LEC,Ferrari,26.0,95.541,27.178,31.699,36.664,HARD,2.0,2.0,0,16.4,17.3,False,0,0,0,0
Las Vegas Grand Prix,SAI,Williams,26.0,95.626,27.345,32.012,36.269,HARD,4.0,2.0,0,16.4,17.3,False,0,0,0,0
Las Vegas Grand Prix,HAD,Racing Bulls,26.0,95.772,27.257,32.015,36.5,HARD,6.0,2.0,0,16.4,17.3,False,0,0,0,0
Las Vegas Grand Prix,ALO,Aston Martin,26.0,96.291,27.311,32.247,36.733,HARD,10.0,2.0,0,16.4,17.3,False,0,0,0,0
Las Vegas Grand Prix,BEA,Haas F1 Team,26.0,95.893,27.504,32.074,36.315,HARD,9.0,2.0,0,16.4,17.3,False,0,0,0,0
Las Vegas Grand Prix,TSU,Red Bull Racing,26.0,96.965,27.681,32.641,36.643,HARD,25.0,2.0,0,16.4,17.3,False,0,0,0,0
Las Vegas Grand Prix,GAS,Alpine,26.0,97.221,28.244,32.314,36.663,HARD,24.0,2.0,0,16.4,17.3,False,0,0,0,0
Las Vegas Grand Prix,LAW,Racing Bulls,26.0,96.931,27.938,32.456,36.537,HARD,24.0,2.0,0,16.4,17.3,False,0,0,0,0
Las Vegas Grand Prix,COL,Alpine,26.0,114.998,45.353,32.486,37.159,MEDIUM,1.0,2.0,1,16.4,17.3,False,0,0,0,0
Las Vegas Grand Prix,ALB,Williams,26.0,95.184,27.14,31.79,36.254,HARD,12.0,3.0,0,16.4,17.3,False,0,0,0,0
Las Vegas Grand Prix,VER,Red Bull Racing,27.0,95.016,26.765,31.637,36.614,HARD,2.0,2.0,0,16.4,17.3,False,0,0,0,0
Las Vegas Grand Prix,RUS,Mercedes,27.0,95.355,27.296,31.843,36.216,HARD,10.0,2.0,0,16.4,17.3,False,0,0,0,0
Las Vegas Grand Prix,NOR,McLaren,27.0,95.624,27.405,31.943,36.276,HARD,5.0,2.0,0,16.4,17.3,False,0,0,0,0
Las Vegas Grand Prix,HUL,Kick Sauber,27.0,96.219,27.441,32.273,36.505,HARD,27.0,1.0,0,16.4,17.3,False,0,0,0,0
Las Vegas Grand Prix,HAM,Ferrari,27.0,96.175,27.53,32.164,36.481,HARD,27.0,1.0,0,16.4,17.3,False,0,0,0,0
Las Vegas Grand Prix,ANT,Mercedes,27.0,95.289,27.226,31.901,36.162,HARD,25.0,2.0,0,16.4,17.3,False,0,0,0,0
Las Vegas Grand Prix,PIA,McLaren,27.0,95.521,27.268,32.074,36.179,HARD,6.0,2.0,0,16.4,17.3,False,0,0,0,0
Las Vegas Grand Prix,LEC,Ferrari,27.0,95.283,27.164,31.555,36.564,HARD,3.0,2.0,0,16.4,17.3,False,0,0,0,0
Las Vegas Grand Prix,SAI,Williams,27.0,95.49,27.301,31.955,36.234,HARD,5.0,2.0,0,16.4,17.3,False,0,0,0,0
Las Vegas Grand Prix,OCO,Haas F1 Team,27.0,101.965,27.813,32.554,41.598,MEDIUM,27.0,1.0,1,16.4,17.3,False,0,0,0,0
Las Vegas Grand Prix,HAD,Racing Bulls,27.0,95.7,27.222,32.019,36.459,HARD,7.0,2.0,0,16.4,17.3,False,0,0,0,0
Las Vegas Grand Prix,ALO,Aston Martin,27.0,96.241,27.151,32.266,36.824,HARD,11.0,2.0,0,16.4,17.0,False,0,0,0,0
Las Vegas Grand Prix,BEA,Haas F1 Team,27.0,96.019,27.523,32.147,36.349,HARD,10.0,2.0,0,16.4,17.0,False,0,0,0,0
Las Vegas Grand Prix,GAS,Alpine,27.0,97.035,27.9,32.418,36.717,HARD,25.0,2.0,0,16.4,17.0,False,0,0,0,0
Las Vegas Grand Prix,LAW,Racing Bulls,27.0,97.613,28.05,32.803,36.76,HARD,25.0,2.0,0,16.4,17.0,False,0,0,0,0
Las Vegas Grand Prix,TSU,Red Bull Racing,27.0,101.343,27.717,32.65,40.976,HARD,26.0,2.0,1,16.4,17.0,False,0,0,0,0
Las Vegas Grand Prix,COL,Alpine,27.0,96.256,27.731,31.781,36.744,MEDIUM,2.0,2.0,0,16.4,17.0,False,0,0,0,0
Las Vegas Grand Prix,ALB,Williams,27.0,95.322,27.31,31.921,36.091,HARD,13.0,3.0,0,16.4,17.0,False,0,0,0,0
Las Vegas Grand Prix,VER,Red Bull Racing,28.0,95.229,26.824,31.821,36.584,HARD,3.0,2.0,0,16.4,17.2,False,0,0,0,0
Las Vegas Grand Prix,RUS,Mercedes,28.0,95.383,27.284,31.875,36.224,HARD,11.0,2.0,0,16.4,17.2,False,0,0,0,0
Las Vegas Grand Prix,NOR,McLaren,28.0,95.375,27.268,31.863,36.244,HARD,6.0,2.0,0,16.4,17.2,False,0,0,0,0
Las Vegas Grand Prix,HUL,Kick Sauber,28.0,96.316,27.369,32.154,36.793,HARD,28.0,1.0,0,16.4,17.2,False,0,0,0,0
Las Vegas Grand Prix,HAM,Ferrari,28.0,95.994,27.428,32.056,36.51,HARD,28.0,1.0,0,16.4,17.2,False,0,0,0,0
Las Vegas Grand Prix,ANT,Mercedes,28.0,95.695,27.257,32.129,36.309,HARD,26.0,2.0,0,16.4,17.2,False,0,0,0,0
Las Vegas Grand Prix,PIA,McLaren,28.0,95.074,27.225,31.701999999999998,36.147,HARD,7.0,2.0,0,16.4,17.2,False,0,0,0,0
Las Vegas Grand Prix,LEC,Ferrari,28.0,95.404,27.191,31.56,36.653,HARD,4.0,2.0,0,16.4,17.2,False,0,0,0,0
Las Vegas Grand Prix,SAI,Williams,28.0,95.452,27.28,31.944,36.228,HARD,6.0,2.0,0,16.4,17.2,False,0,0,0,0
Las Vegas Grand Prix,HAD,Racing Bulls,28.0,95.774,27.259,32.028,36.487,HARD,8.0,2.0,0,16.4,17.2,False,0,0,0,0
Las Vegas Grand Prix,ALO,Aston Martin,28.0,96.346,27.298,32.241,36.807,HARD,12.0,2.0,0,16.4,17.2,False,0,0,0,0
Las Vegas Grand Prix,BEA,Haas F1 Team,28.0,95.962,27.524,32.078,36.36,HARD,11.0,2.0,0,16.4,17.2,False,0,0,0,0
Las Vegas Grand Prix,OCO,Haas F1 Team,28.0,113.271,44.563,32.195,36.513,HARD,1.0,2.0,1,16.4,17.2,False,0,0,0,0
Las Vegas Grand Prix,GAS,Alpine,28.0,96.844,27.808,32.303,36.733,HARD,26.0,2.0,0,16.4,17.2,False,0,0,0,0
Las Vegas Grand Prix,LAW,Racing Bulls,28.0,102.231,27.96,32.62,41.651,HARD,26.0,2.0,1,16.4,17.2,False,0,0,0,0
Las Vegas Grand Prix,TSU,Red Bull Racing,28.0,111.575,42.942,32.143,36.49,MEDIUM,2.0,3.0,1,16.4,17.2,False,0,0,0,0
Las Vegas Grand Prix,COL,Alpine,28.0,96.079,27.617,32.034,36.428,MEDIUM,3.0,2.0,0,16.4,17.2,False,0,0,0,0
Las Vegas Grand Prix,ALB,Williams,28.0,96.182,27.942,32.23,36.01,HARD,14.0,3.0,0,16.4,17.2,False,0,0,0,0
Las Vegas Grand Prix,VER,Red Bull Racing,29.0,95.019,26.802,31.677,36.54,HARD,4.0,2.0,0,16.4,17.2,False,0,0,0,0
Las Vegas Grand Prix,RUS,Mercedes,29.0,95.58,27.412,31.943,36.225,HARD,12.0,2.0,0,16.4,17.2,False,0,0,0,0
Las Vegas Grand Prix,NOR,McLaren,29.0,94.948,27.056,31.643,36.249,HARD,7.0,2.0,0,16.4,17.2,False,0,0,0,0
Las Vegas Grand Prix,HUL,Kick Sauber,29.0,96.413,27.445,32.298,36.67,HARD,29.0,1.0,0,16.4,17.2,False,0,0,0,0
Las Vegas Grand Prix,ANT,Mercedes,29.0,96.397,27.599,32.41,36.388,HARD,27.0,2.0,0,16.4,17.2,False,0,0,0,0
Las Vegas Grand Prix,HAM,Ferrari,29.0,100.519,27.514,32.147,40.858,HARD,29.0,1.0,1,16.4,17.2,False,0,0,0,0
Las Vegas Grand Prix,PIA,McLaren,29.0,95.135,27.231,31.679,36.225,HARD,8.0,2.0,0,16.4,17.2,False,0,0,0,0
Las Vegas Grand Prix,LEC,Ferrari,29.0,94.947,27.009,31.365,36.573,HARD,5.0,2.0,0,16.4,17.2,False,0,0,0,0
Las Vegas Grand Prix,SAI,Williams,29.0,95.534,27.382,31.907,36.245,HARD,7.0,2.0,0,16.4,17.2,False,0,0,0,0
Las Vegas Grand Prix,HAD,Racing Bulls,29.0,95.476,27.12,32.012,36.344,HARD,9.0,2.0,0,16.4,17.2,False,0,0,0,0
Las Vegas Grand Prix,ALO,Aston Martin,29.0,96.192,27.27,32.075,36.847,HARD,13.0,2.0,0,16.4,17.2,False,0,0,0,0
Las Vegas Grand Prix,BEA,Haas F1 Team,29.0,95.781,27.515,31.988,36.278,HARD,12.0,2.0,0,16.4,17.2,False,0,0,0,0
Las Vegas Grand Prix,OCO,Haas F1 Team,29.0,95.309,27.263,31.776,36.27,HARD,2.0,2.0,0,16.4,17.2,False,0,0,0,0
Las Vegas Grand Prix,GAS,Alpine,29.0,97.001,27.918,32.33,36.753,HARD,27.0,2.0,0,16.4,17.2,False,0,0,0,0
Las Vegas Grand Prix,TSU,Red Bull Racing,29.0,95.373,27.292,31.736,36.345,MEDIUM,3.0,3.0,0,16.4,17.2,False,0,0,0,0
Las Vegas Grand Prix,COL,Alpine,29.0,96.44,27.913,31.99,36.537,MEDIUM,4.0,2.0,0,16.4,17.2,False,0,0,0,0
Las Vegas Grand Prix,ALB,Williams,29.0,96.394,27.89,32.396,36.108,HARD,15.0,3.0,0,16.4,17.2,False,0,0,0,0
Las Vegas Grand Prix,LAW,Racing Bulls,29.0,114.002,44.552,32.801,36.649,HARD,1.0,3.0,1,16.4,17.2,False,0,0,0,0
Las Vegas Grand Prix,VER,Red Bull Racing,30.0,95.098,26.974,31.688,36.436,HARD,5.0,2.0,0,16.3,17.2,False,0,0,0,0
Las Vegas Grand Prix,RUS,Mercedes,30.0,95.447,27.347,31.874,36.226,HARD,13.0,2.0,0,16.3,17.2,False,0,0,0,0
Las Vegas Grand Prix,NOR,McLaren,30.0,95.074,27.08,31.788,36.206,HARD,8.0,2.0,0,16.3,17.2,False,0,0,0,0
Las Vegas Grand Prix,ANT,Mercedes,30.0,95.615,27.212,31.97,36.433,HARD,28.0,2.0,0,16.3,17.2,False,0,0,0,0
Las Vegas Grand Prix,HUL,Kick Sauber,30.0,100.783,27.471,32.27,41.042,HARD,30.0,1.0,1,16.3,17.2,False,0,0,0,0
Las Vegas Grand Prix,PIA,McLaren,30.0,94.895,27.204,31.603,36.088,HARD,9.0,2.0,0,16.3,17.2,False,0,0,0,0
Las Vegas Grand Prix,LEC,Ferrari,30.0,95.002,26.891,31.478,36.633,HARD,6.0,2.0,0,16.3,17.2,False,0,0,0,0
Las Vegas Grand Prix,SAI,Williams,30.0,95.139,27.189,31.723,36.227,HARD,8.0,2.0,0,16.3,17.2,False,0,0,0,0
Las Vegas Grand Prix,HAD,Racing Bulls,30.0,95.36,27.146,31.889,36.325,HARD,10.0,2.0,0,16.3,17.2,False,0,0,0,0
Las Vegas Grand Prix,HAM,Ferrari,30.0,116.086,44.288,32.926,38.872,MEDIUM,1.0,2.0,1,16.3,17.2,False,0,0,0,0
Las Vegas Grand Prix,ALO,Aston Martin,30.0,97.079,27.424,32.137,37.518,HARD,14.0,2.0,0,16.3,17.2,False,0,0,0,0
Las Vegas Grand Prix,BEA,Haas F1 Team,30.0,97.025,27.464,32.979,36.582,HARD,13.0,2.0,0,16.3,17.2,False,0,0,0,0
Las Vegas Grand Prix,OCO,Haas F1 Team,30.0,95.253,27.248,31.742,36.263,HARD,3.0,2.0,0,16.3,17.2,False,0,0,0,0
Las Vegas Grand Prix,GAS,Alpine,30.0,96.997,27.857,32.332,36.808,HARD,28.0,2.0,0,16.3,17.2,False,0,0,0,0
Las Vegas Grand Prix,TSU,Red Bull Racing,30.0,95.88,27.449,32.043,36.388,MEDIUM,4.0,3.0,0,16.3,17.2,False,0,0,0,0
Las Vegas Grand Prix,COL,Alpine,30.0,96.378,27.619,32.286,36.473,MEDIUM,5.0,2.0,0,16.3,17.2,False,0,0,0,0
Las Vegas Grand Prix,ALB,Williams,30.0,96.431,27.731,32.559,36.141,HARD,16.0,3.0,0,16.3,17.2,False,0,0,0,0
Las Vegas Grand Prix,LAW,Racing Bulls,30.0,96.278,27.814,31.946,36.518,HARD,2.0,3.0,0,16.3,17.2,False,0,0,0,0
Las Vegas Grand Prix,VER,Red Bull Racing,31.0,94.893,26.729,31.747,36.417,HARD,6.0,2.0,0,16.3,17.2,False,0,0,0,0
Las Vegas Grand Prix,RUS,Mercedes,31.0,95.339,27.288,31.817,36.234,HARD,14.0,2.0,0,16.3,17.2,False,0,0,0,0
Las Vegas Grand Prix,NOR,McLaren,31.0,94.693,27.088,31.49,36.115,HARD,9.0,2.0,0,16.3,17.2,False,0,0,0,0
Las Vegas Grand Prix,ANT,Mercedes,31.0,95.74,27.165,32.109,36.466,HARD,29.0,2.0,0,16.3,17.2,False,0,0,0,0
Las Vegas Grand Prix,PIA,McLaren,31.0,95.138,27.043,31.888,36.207,HARD,10.0,2.0,0,16.3,17.2,False,0,0,0,0
Las Vegas Grand Prix,LEC,Ferrari,31.0,94.762,26.954,31.337,36.471,HARD,7.0,2.0,0,16.3,17.2,False,0,0,0,0
Las Vegas Grand Prix,SAI,Williams,31.0,95.332,27.244,31.94,36.148,HARD,9.0,2.0,0,16.3,17.2,False,0,0,0,0
Las Vegas Grand Prix,HAD,Racing Bulls,31.0,95.576,27.27,31.907,36.399,HARD,11.0,2.0,0,16.3,17.2,False,0,0,0,0
Las Vegas Grand Prix,HUL,Kick Sauber,31.0,113.228,44.201,32.409,36.618,MEDIUM,1.0,2.0,1,16.3,17.2,False,0,0,0,0
Las Vegas Grand Prix,HAM,Ferrari,31.0,96.074,27.56,32.111,36.403,MEDIUM,2.0,2.0,0,16.3,17.2,False,0,0,0,0
Las Vegas Grand Prix,BEA,Haas F1 Team,31.0,96.786,28.019,32.486,36.281,HARD,14.0,2.0,0,16.3,17.2,False,0,0,0,0
Las Vegas Grand Prix,ALO,Aston Martin,31.0,97.639,28.057,32.283,37.299,HARD,15.0,2.0,0,16.3,17.2,False,0,0,0,0
Las Vegas Grand Prix,OCO,Haas F1 Team,31.0,95.351,27.321,31.945,36.085,HARD,4.0,2.0,0,16.3,17.2,False,0,0,0,0
Las Vegas Grand Prix,GAS,Alpine,31.0,97.104,27.921,32.495,36.688,HARD,29.0,2.0,0,16.3,17.2,False,0,0,0,0
Las Vegas Grand Prix,TSU,Red Bull Racing,31.0,95.372,27.31,31.805,36.257,MEDIUM,5.0,3.0,0,16.3,17.2,False,0,0,0,0
Las Vegas Grand Prix,ALB,Williams,31.0,96.495,27.781,32.5,36.214,HARD,17.0,3.0,0,16.3,17.2,False,0,0,0,0
Las Vegas Grand Prix,COL,Alpine,31.0,97.391,27.885,32.247,37.259,MEDIUM,6.0,2.0,0,16.3,17.2,False,0,0,0,0
Las Vegas Grand Prix,LAW,Racing Bulls,31.0,95.838,27.554,31.896,36.388,HARD,3.0,3.0,0,16.3,17.2,False,0,0,0,0
Las Vegas Grand Prix,VER,Red Bull Racing,32.0,95.127,26.91,31.807,36.41,HARD,7.0,2.0,0,16.3,17.2,False,0,0,0,0
Las Vegas Grand Prix,RUS,Mercedes,32.0,95.296,27.332,31.762,36.202,HARD,15.0,2.0,0,16.3,17.2,False,0,0,0,0
Las Vegas Grand Prix,NOR,McLaren,32.0,94.442,26.966,31.497,35.979,HARD,10.0,2.0,0,16.3,17.2,False,0,0,0,0
Las Vegas Grand Prix,ANT,Mercedes,32.0,95.527,27.079,32.052,36.396,HARD,30.0,2.0,0,16.3,17.2,False,0,0,0,0
Las Vegas Grand Prix,PIA,McLaren,32.0,95.433,27.027,32.264,36.142,HARD,11.0,2.0,0,16.3,17.2,False,0,0,0,0
Las Vegas Grand Prix,LEC,Ferrari,32.0,94.754,26.867,31.452,36.435,HARD,8.0,2.0,0,16.3,17.2,False,0,0,0,0
Las Vegas Grand Prix,SAI,Williams,32.0,95.153,27.163,31.769,36.221,HARD,10.0,2.0,0,16.3,17.2,False,0,0,0,0
Las Vegas Grand Prix,HAD,Racing Bulls,32.0,95.291,27.092,31.917,36.282,HARD,12.0,2.0,0,16.3,17.2,False,0,0,0,0
Las Vegas Grand Prix,HUL,Kick Sauber,32.0,95.328,27.314,31.605,36.409,MEDIUM,2.0,2.0,0,16.3,17.0,False,0,0,0,0
Las Vegas Grand Prix,HAM,Ferrari,32.0,95.699,27.551,31.958,36.19,MEDIUM,3.0,2.0,0,16.3,17.0,False,0,0,0,0
Las Vegas Grand Prix,BEA,Haas F1 Team,32.0,96.464,27.551,32.182,36.731,HARD,15.0,2.0,0,16.3,17.0,False,0,0,0,0
Las Vegas Grand Prix,OCO,Haas F1 Team,32.0,95.977,27.523,32.446,36.008,HARD,5.0,2.0,0,16.3,17.0,False,0,0,0,0
Las Vegas Grand Prix,ALO,Aston Martin,32.0,97.133,27.695,32.555,36.883,HARD,16.0,2.0,0,16.3,17.0,False,0,0,0,0
Las Vegas Grand Prix,GAS,Alpine,32.0,97.072,27.803,32.555,36.714,HARD,30.0,2.0,0,16.3,17.0,False,0,0,0,0
Las Vegas Grand Prix,TSU,Red Bull Racing,32.0,95.757,27.398,31.969,36.39,MEDIUM,6.0,3.0,0,16.3,17.0,False,0,0,0,0
Las Vegas Grand Prix,ALB,Williams,32.0,95.588,27.232,31.87,36.486,HARD,18.0,3.0,0,16.3,17.0,False,0,0,0,0
Las Vegas Grand Prix,COL,Alpine,32.0,96.699,27.882,32.3,36.517,MEDIUM,7.0,2.0,0,16.3,17.0,False,0,0,0,0
Las Vegas Grand Prix,LAW,Racing Bulls,32.0,95.658,27.466,31.727,36.465,HARD,4.0,3.0,0,16.3,17.0,False,0,0,0,0
Las Vegas Grand Prix,VER,Red Bull Racing,33.0,94.701,26.78,31.517,36.404,HARD,8.0,2.0,0,16.4,17.0,False,0,0,0,0
Las Vegas Grand Prix,RUS,Mercedes,33.0,95.367,27.351,31.766,36.25,HARD,16.0,2.0,0,16.4,17.0,False,0,0,0,0
Las Vegas Grand Prix,NOR,McLaren,33.0,94.845,27.111,31.709,36.025,HARD,11.0,2.0,0,16.4,17.0,False,0,0,0,0
Las Vegas Grand Prix,ANT,Mercedes,33.0,95.496,27.029,32.073,36.394,HARD,31.0,2.0,0,16.4,17.0,False,0,0,0,0
Las Vegas Grand Prix,PIA,McLaren,33.0,94.873,27.051,31.836,35.986,HARD,12.0,2.0,0,16.4,17.0,False,0,0,0,0
Las Vegas Grand Prix,LEC,Ferrari,33.0,94.965,26.922,31.631,36.412,HARD,9.0,2.0,0,16.4,17.0,False,0,0,0,0
Las Vegas Grand Prix,SAI,Williams,33.0,95.05,27.19,31.68,36.18,HARD,11.0,2.0,0,16.4,17.0,False,0,0,0,0
Las Vegas Grand Prix,HAD,Racing Bulls,33.0,95.573,27.193,32.044,36.336,HARD,13.0,2.0,0,16.4,17.0,False,0,0,0,0
Las Vegas Grand Prix,HUL,Kick Sauber,33.0,95.229,27.058,31.746,36.425,MEDIUM,3.0,2.0,0,16.4,17.0,False,0,0,0,0
Las Vegas Grand Prix,HAM,Ferrari,33.0,95.14,27.099,31.764,36.277,MEDIUM,4.0,2.0,0,16.4,17.0,False,0,0,0,0
Las Vegas Grand Prix,OCO,Haas F1 Team,33.0,95.774,27.479,31.996,36.299,HARD,6.0,2.0,0,16.4,17.0,False,0,0,0,0
Las Vegas Grand Prix,BEA,Haas F1 Team,33.0,96.545,27.303,32.188,37.054,HARD,16.0,2.0,0,16.4,17.0,False,0,0,0,0
Las Vegas Grand Prix,ALO,Aston Martin,33.0,96.543,27.625,32.418,36.5,HARD,17.0,2.0,0,16.4,17.0,False,0,0,0,0
Las Vegas Grand Prix,GAS,Alpine,33.0,97.327,27.984,32.674,36.669,HARD,31.0,2.0,0,16.4,17.0,False,0,0,0,0
Las Vegas Grand Prix,TSU,Red Bull Racing,33.0,95.872,27.489,32.101,36.282,MEDIUM,7.0,3.0,0,16.4,17.2,False,0,0,0,0
Las Vegas Grand Prix,ALB,Williams,33.0,95.593,27.191,31.96,36.442,HARD,19.0,3.0,0,16.4,17.2,False,0,0,0,0
Las Vegas Grand Prix,COL,Alpine,33.0,96.537,27.751,32.203,36.583,MEDIUM,8.0,2.0,0,16.4,17.2,False,0,0,0,0
Las Vegas Grand Prix,LAW,Racing Bulls,33.0,95.535,27.443,31.847,36.245,HARD,5.0,3.0,0,16.4,17.2,False,0,0,0,0
Las Vegas Grand Prix,VER,Red Bull Racing,34.0,94.446,26.67,31.454,36.322,HARD,9.0,2.0,0,16.4,17.2,False,0,0,0,0
Las Vegas Grand Prix,NOR,McLaren,34.0,94.834,27.164,31.732,35.938,HARD,12.0,2.0,0,16.4,17.2,False,0,0,0,0
Las Vegas Grand Prix,RUS,Mercedes,34.0,95.99,27.28,31.799,36.911,HARD,17.0,2.0,0,16.4,17.2,False,0,0,0,0
Las Vegas Grand Prix,ANT,Mercedes,34.0,95.116,26.889,31.888,36.339,HARD,32.0,2.0,0,16.4,17.2,False,0,0,0,0
Las Vegas Grand Prix,PIA,McLaren,34.0,94.684,26.958,31.69,36.036,HARD,13.0,2.0,0,16.4,17.2,False,0,0,0,0
Las Vegas Grand Prix,LEC,Ferrari,34.0,94.66,26.858,31.461,36.341,HARD,10.0,2.0,0,16.4,17.2,False,0,0,0,0
Las Vegas Grand Prix,SAI,Williams,34.0,95.289,27.282,31.803,36.204,HARD,12.0,2.0,0,16.4,17.2,False,0,0,0,0
Las Vegas Grand Prix,HAD,Racing Bulls,34.0,95.342,27.09,31.913,36.339,HARD,14.0,2.0,0,16.4,17.2,False,0,0,0,0
Las Vegas Grand Prix,HUL,Kick Sauber,34.0,95.228,27.2,31.649,36.379,MEDIUM,4.0,2.0,0,16.4,17.2,False,0,0,0,0
Las Vegas Grand Prix,HAM,Ferrari,34.0,95.693,27.347,32.065,36.281,MEDIUM,5.0,2.0,0,16.4,17.2,False,0,0,0,0
Las Vegas Grand Prix,OCO,Haas F1 Team,34.0,95.565,27.349,31.884,36.332,HARD,7.0,2.0,0,16.4,17.2,False,0,0,0,0
Las Vegas Grand Prix,BEA,Haas F1 Team,34.0,96.53,27.793,32.482,36.255,HARD,17.0,2.0,0,16.4,17.2,False,0,0,0,0
Las Vegas Grand Prix,ALO,Aston Martin,34.0,96.222,27.347,32.529,36.346,HARD,18.0,2.0,0,16.4,17.2,False,0,0,0,0
Las Vegas Grand Prix,GAS,Alpine,34.0,97.019,27.75,32.551,36.718,HARD,32.0,2.0,0,16.4,17.2,False,0,0,0,0
Las Vegas Grand Prix,TSU,Red Bull Racing,34.0,95.641,27.392,31.978,36.271,MEDIUM,8.0,3.0,0,16.4,17.2,False,0,0,0,0
Las Vegas Grand Prix,COL,Alpine,34.0,96.428,27.638,32.273,36.517,MEDIUM,9.0,2.0,0,16.4,17.2,False,0,0,0,0
Las Vegas Grand Prix,LAW,Racing Bulls,34.0,95.651,27.368,32.098,36.185,HARD,6.0,3.0,0,16.4,17.2,False,0,0,0,0
Las Vegas Grand Prix,ALB,Williams,34.0,100.698,27.33,32.082,41.286,HARD,20.0,3.0,1,16.4,17.2,False,0,0,0,0
Las Vegas Grand Prix,VER,Red Bull Racing,35.0,94.634,26.781,31.443,36.41,HARD,10.0,2.0,0,16.3,17.0,False,0,0,0,0
Las Vegas Grand Prix,NOR,McLaren,35.0,94.437,26.933,31.298,36.206,HARD,13.0,2.0,0,16.3,17.0,False,0,0,0,0
Las Vegas Grand Prix,RUS,Mercedes,35.0,95.415,27.598,31.756,36.061,HARD,18.0,2.0,0,16.3,17.0,False,0,0,0,0
Las Vegas Grand Prix,ANT,Mercedes,35.0,95.139,26.828,31.861,36.45,HARD,33.0,2.0,0,16.3,17.0,False,0,0,0,0
Las Vegas Grand Prix,PIA,McLaren,35.0,94.848,27.063,31.678,36.107,HARD,14.0,2.0,0,16.3,17.0,False,0,0,0,0
Las Vegas Grand Prix,LEC,Ferrari,35.0,94.762,26.955,31.414,36.393,HARD,11.0,2.0,0,16.3,17.0,False,0,0,0,0
Las Vegas Grand Prix,SAI,Williams,35.0,94.809,27.002,31.583,36.224,HARD,13.0,2.0,0,16.3,17.0,False,0,0,0,0
Las Vegas Grand Prix,HAD,Racing Bulls,35.0,95.4,27.175,31.861,36.364,HARD,15.0,2.0,0,16.3,17.0,False,0,0,0,0
Las Vegas Grand Prix,HUL,Kick Sauber,35.0,95.049,27.042,31.642,36.365,MEDIUM,5.0,2.0,0,16.3,17.0,False,0,0,0,0
Las Vegas Grand Prix,HAM,Ferrari,35.0,95.494,27.34,31.866,36.288,MEDIUM,6.0,2.0,0,16.3,17.0,False,0,0,0,0
Las Vegas Grand Prix,OCO,Haas F1 Team,35.0,95.339,27.182,31.822,36.335,HARD,8.0,2.0,0,16.3,17.0,False,0,0,0,0
Las Vegas Grand Prix,BEA,Haas F1 Team,35.0,95.994,27.533,32.13,36.331,HARD,18.0,2.0,0,16.3,17.0,False,0,0,0,0
Las Vegas Grand Prix,ALO,Aston Martin,35.0,96.046,27.454,32.244,36.348,HARD,19.0,2.0,0,16.3,17.0,False,0,0,0,0
Las Vegas Grand Prix,GAS,Alpine,35.0,96.782,27.693,32.373,36.716,HARD,33.0,2.0,0,16.3,17.0,False,0,0,0,0
Las Vegas Grand Prix,TSU,Red Bull Racing,35.0,95.448,27.354,31.84,36.254,MEDIUM,9.0,3.0,0,16.3,17.0,False,0,0,0,0
Las Vegas Grand Prix,COL,Alpine,35.0,96.113,27.599,32.009,36.505,MEDIUM,10.0,2.0,0,16.3,17.0,False,0,0,0,0
Las Vegas Grand Prix,LAW,Racing Bulls,35.0,95.788,27.455,32.114,36.219,HARD,7.0,3.0,0,16.3,17.0,False,0,0,0,0
Las Vegas Grand Prix,VER,Red Bull Racing,36.0,94.216,26.587,31.434,36.195,HARD,11.0,2.0,0,16.3,17.0,False,0,0,0,0
Las Vegas Grand Prix,NOR,McLaren,36.0,94.98,27.3,31.563,36.117,HARD,14.0,2.0,0,16.3,17.0,False,0,0,0,0
Las Vegas Grand Prix,RUS,Mercedes,36.0,95.473,27.588,31.853,36.032,HARD,19.0,2.0,0,16.3,17.0,False,0,0,0,0
Las Vegas Grand Prix,ALB,Williams,35.0,131.179,53.891,34.563,42.725,MEDIUM,2.0,4.0,1,16.3,17.0,False,0,0,0,0
Las Vegas Grand Prix,ANT,Mercedes,36.0,95.179,27.065,31.839,36.275,HARD,34.0,2.0,0,16.3,17.0,False,0,0,0,0
Las Vegas Grand Prix,PIA,McLaren,36.0,94.637,27.051,31.624,35.962,HARD,15.0,2.0,0,16.3,17.0,False,0,0,0,0
Las Vegas Grand Prix,LEC,Ferrari,36.0,94.608,26.949,31.338,36.321,HARD,12.0,2.0,0,16.3,17.0,False,0,0,0,0
Las Vegas Grand Prix,SAI,Williams,36.0,94.832,27.058,31.666,36.108,HARD,14.0,2.0,0,16.3,17.0,False,0,0,0,0
Las Vegas Grand Prix,HAD,Racing Bulls,36.0,95.345,27.063,31.954,36.328,HARD,16.0,2.0,0,16.3,17.0,False,0,0,0,0
Las Vegas Grand Prix,HUL,Kick Sauber,36.0,95.053,26.989,31.711,36.353,MEDIUM,6.0,2.0,0,16.3,17.0,False,0,0,0,0
Las Vegas Grand Prix,HAM,Ferrari,36.0,95.311,27.204,31.788,36.319,MEDIUM,7.0,2.0,0,16.3,17.0,False,0,0,0,0
Las Vegas Grand Prix,OCO,Haas F1 Team,36.0,95.475,27.289,31.883,36.303,HARD,9.0,2.0,0,16.3,17.0,False,0,0,0,0
Las Vegas Grand Prix,BEA,Haas F1 Team,36.0,95.829,27.297,32.252,36.28,HARD,19.0,2.0,0,16.3,17.0,False,0,0,0,0
Las Vegas Grand Prix,ALO,Aston Martin,36.0,95.76,27.353,32.165,36.242,HARD,20.0,2.0,0,16.3,17.0,False,0,0,0,0
Las Vegas Grand Prix,GAS,Alpine,36.0,96.945,27.78,32.421,36.744,HARD,34.0,2.0,0,16.3,17.0,False,0,0,0,0
Las Vegas Grand Prix,TSU,Red Bull Racing,36.0,95.623,27.271,32.089,36.263,MEDIUM,10.0,3.0,0,16.3,17.0,False,0,0,0,0
Las Vegas Grand Prix,COL,Alpine,36.0,95.98,27.508,31.955,36.517,MEDIUM,11.0,2.0,0,16.3,17.0,False,0,0,0,0
Las Vegas Grand Prix,LAW,Racing Bulls,36.0,95.526,27.565,31.851,36.11,HARD,8.0,3.0,0,16.3,17.0,False,0,0,0,0
Las Vegas Grand Prix,VER,Red Bull Racing,37.0,94.2,26.589,31.398,36.213,HARD,12.0,2.0,0,16.3,17.0,False,0,0,0,0
Las Vegas Grand Prix,NOR,McLaren,37.0,94.216,26.903,31.366,35.947,HARD,15.0,2.0,0,16.3,17.0,False,0,0,0,0
Las Vegas Grand Prix,RUS,Mercedes,37.0,95.07,27.179,31.91,35.981,HARD,20.0,2.0,0,16.3,17.0,False,0,0,0,0
Las Vegas Grand Prix,ANT,Mercedes,37.0,95.159,26.901,31.83,36.428,HARD,35.0,2.0,0,16.3,17.0,False,0,0,0,0
Las Vegas Grand Prix,PIA,McLaren,37.0,94.743,27.018,31.661,36.064,HARD,16.0,2.0,0,16.3,17.0,False,0,0,0,0
Las Vegas Grand Prix,LEC,Ferrari,37.0,94.674,26.938,31.481,36.255,HARD,13.0,2.0,0,16.3,17.0,False,0,0,0,0
Las Vegas Grand Prix,SAI,Williams,37.0,94.746,26.986,31.595,36.165,HARD,15.0,2.0,0,16.3,17.0,False,0,0,0,0
Las Vegas Grand Prix,HAD,Racing Bulls,37.0,95.359,27.133,31.89,36.336,HARD,17.0,2.0,0,16.3,17.0,False,0,0,0,0
Las Vegas Grand Prix,HUL,Kick Sauber,37.0,95.362,27.236,31.801,36.325,MEDIUM,7.0,2.0,0,16.3,17.0,False,0,0,0,0
Las Vegas Grand Prix,HAM,Ferrari,37.0,95.569,27.467,31.881,36.221,MEDIUM,8.0,2.0,0,16.3,17.0,False,0,0,0,0
Las Vegas Grand Prix,OCO,Haas F1 Team,37.0,95.339,27.225,31.869,36.245,HARD,10.0,2.0,0,16.3,17.0,False,0,0,0,0
Las Vegas Grand Prix,BEA,Haas F1 Team,37.0,95.855,27.392,32.195,36.268,HARD,20.0,2.0,0,16.3,17.0,False,0,0,0,0
Las Vegas Grand Prix,ALO,Aston Martin,37.0,95.893,27.504,32.105,36.284,HARD,21.0,2.0,0,16.3,17.0,False,0,0,0,0
Las Vegas Grand Prix,GAS,Alpine,37.0,96.698,27.676,32.408,36.614,HARD,35.0,2.0,0,16.3,17.0,False,0,0,0,0
Las Vegas Grand Prix,TSU,Red Bull Racing,37.0,95.612,27.419,31.969,36.224,MEDIUM,11.0,3.0,0,16.3,17.0,False,0,0,0,0
Las Vegas Grand Prix,COL,Alpine,37.0,95.974,27.5,31.933,36.541,MEDIUM,12.0,2.0,0,16.3,17.0,False,0,0,0,0
Las Vegas Grand Prix,LAW,Racing Bulls,37.0,95.868,27.765,32.037,36.066,HARD,9.0,3.0,0,16.3,17.0,False,0,0,0,0
Las Vegas Grand Prix,VER,Red Bull Racing,38.0,94.371,26.645,31.396,36.33,HARD,13.0,2.0,0,16.3,17.0,False,0,0,0,0
Las Vegas Grand Prix,NOR,McLaren,38.0,94.209,26.743,31.429,36.037,HARD,16.0,2.0,0,16.3,17.0,False,0,0,0,0
Las Vegas Grand Prix,RUS,Mercedes,38.0,95.197,27.357,31.811,36.029,HARD,21.0,2.0,0,16.3,17.0,False,0,0,0,0
Las Vegas Grand Prix,ANT,Mercedes,38.0,95.433,27.043,31.816,36.574,HARD,36.0,2.0,0,16.3,17.0,False,0,0,0,0
Las Vegas Grand Prix,PIA,McLaren,38.0,95.581,27.185,31.845,36.551,HARD,17.0,2.0,0,16.3,17.0,False,0,0,0,0
Las Vegas Grand Prix,LEC,Ferrari,38.0,94.404,26.974,31.378,36.052,HARD,14.0,2.0,0,16.3,17.0,False,0,0,0,0
Las Vegas Grand Prix,SAI,Williams,38.0,94.692,26.98,31.614,36.098,HARD,16.0,2.0,0,16.3,17.0,False,0,0,0,0
Las Vegas Grand Prix,HAD,Racing Bulls,38.0,94.931,26.938,31.715,36.278,HARD,18.0,2.0,0,16.3,17.0,False,0,0,0,0
Las Vegas Grand Prix,HUL,Kick Sauber,38.0,95.425,27.154,31.866,36.405,MEDIUM,8.0,2.0,0,16.3,17.0,False,0,0,0,0
Las Vegas Grand Prix,HAM,Ferrari,38.0,95.345,27.328,31.804,36.213,MEDIUM,9.0,2.0,0,16.3,17.0,False,0,0,0,0
Las Vegas Grand Prix,OCO,Haas F1 Team,38.0,95.261,27.103,31.894,36.264,HARD,11.0,2.0,0,16.3,17.0,False,0,0,0,0
Las Vegas Grand Prix,BEA,Haas F1 Team,38.0,96.12,27.291,32.174,36.655,HARD,21.0,2.0,0,16.3,17.0,False,0,0,0,0
Las Vegas Grand Prix,ALO,Aston Martin,38.0,95.874,27.259,32.269,36.346,HARD,22.0,2.0,0,16.3,17.0,False,0,0,0,0
Las Vegas Grand Prix,GAS,Alpine,38.0,96.724,27.734,32.402,36.588,HARD,36.0,2.0,0,16.3,17.0,False,0,0,0,0
Las Vegas Grand Prix,TSU,Red Bull Racing,38.0,95.568,27.401,32.058,36.109,MEDIUM,12.0,3.0,0,16.3,17.0,False,0,0,0,0
Las Vegas Grand Prix,COL,Alpine,38.0,95.78,27.388,31.99,36.402,MEDIUM,13.0,2.0,0,16.3,17.0,False,0,0,0,0
Las Vegas Grand Prix,LAW,Racing Bulls,38.0,95.855,27.757,32.032,36.066,HARD,10.0,3.0,0,16.3,17.0,False,0,0,0,0
Las Vegas Grand Prix,VER,Red Bull Racing,39.0,94.192,26.607,31.373,36.212,HARD,14.0,2.0,0,16.3,17.0,False,0,0,0,0
Las Vegas Grand Prix,NOR,McLaren,39.0,94.348,26.807,31.389,36.152,HARD,17.0,2.0,0,16.3,17.0,False,0,0,0,0
Las Vegas Grand Prix,RUS,Mercedes,39.0,95.327,27.111,31.919,36.297,HARD,22.0,2.0,0,16.3,17.0,False,0,0,0,0
Las Vegas Grand Prix,ANT,Mercedes,39.0,95.026,26.835,31.823,36.368,HARD,37.0,2.0,0,16.3,17.0,False,0,0,0,0
Las Vegas Grand Prix,PIA,McLaren,39.0,94.965,27.072,31.842,36.051,HARD,18.0,2.0,0,16.3,17.0,False,0,0,0,0
Las Vegas Grand Prix,LEC,Ferrari,39.0,95.393,27.381,31.903,36.109,HARD,15.0,2.0,0,16.3,17.0,False,0,0,0,0
Las Vegas Grand Prix,SAI,Williams,39.0,94.637,26.957,31.635,36.045,HARD,17.0,2.0,0,16.3,17.0,False,0,0,0,0
Las Vegas Grand Prix,HAD,Racing Bulls,39.0,95.376,26.983,31.845,36.548,HARD,19.0,2.0,0,16.3,16.9,False,0,0,0,0
Las Vegas Grand Prix,HUL,Kick Sauber,39.0,95.078,27.072,31.672,36.334,MEDIUM,9.0,2.0,0,16.3,16.9,False,0,0,0,0
Las Vegas Grand Prix,HAM,Ferrari,39.0,95.186,27.178,31.698,36.31,MEDIUM,10.0,2.0,0,16.3,16.9,False,0,0,0,0
Las Vegas Grand Prix,OCO,Haas F1 Team,39.0,95.343,27.236,31.874,36.233,HARD,12.0,2.0,0,16.3,16.9,False,0,0,0,0
Las Vegas Grand Prix,BEA,Haas F1 Team,39.0,95.874,27.251,32.279,36.344,HARD,22.0,2.0,0,16.3,16.9,False,0,0,0,0
Las Vegas Grand Prix,ALO,Aston Martin,39.0,96.138,27.356,32.423,36.359,HARD,23.0,2.0,0,16.3,16.9,False,0,0,0,0
Las Vegas Grand Prix,GAS,Alpine,39.0,96.475,27.581,32.267,36.627,HARD,37.0,2.0,0,16.3,16.9,False,0,0,0,0
Las Vegas Grand Prix,TSU,Red Bull Racing,39.0,95.436,27.331,31.96,36.145,MEDIUM,13.0,3.0,0,16.3,16.9,False,0,0,0,0
Las Vegas Grand Prix,COL,Alpine,39.0,96.346,27.491,32.014,36.841,MEDIUM,14.0,2.0,0,16.3,16.9,False,0,0,0,0
Las Vegas Grand Prix,LAW,Racing Bulls,39.0,95.97,27.692,32.047,36.231,HARD,11.0,3.0,0,16.3,16.9,False,0,0,0,0
Las Vegas Grand Prix,VER,Red Bull Racing,40.0,94.03,26.51,31.317,36.203,HARD,15.0,2.0,0,16.3,16.9,False,0,0,0,0
Las Vegas Grand Prix,NOR,McLaren,40.0,94.399,26.793,31.386,36.22,HARD,18.0,2.0,0,16.3,16.9,False,0,0,0,0
Las Vegas Grand Prix,RUS,Mercedes,40.0,95.681,27.525,31.991,36.165,HARD,23.0,2.0,0,16.3,16.9,False,0,0,0,0
Las Vegas Grand Prix,ANT,Mercedes,40.0,94.415,26.807,31.395,36.213,HARD,38.0,2.0,0,16.3,16.9,False,0,0,0,0
Las Vegas Grand Prix,PIA,McLaren,40.0,94.57,27.018,31.585,35.967,HARD,19.0,2.0,0,16.3,16.9,False,0,0,0,0
Las Vegas Grand Prix,LEC,Ferrari,40.0,94.763,26.969,31.593,36.201,HARD,16.0,2.0,0,16.3,16.9,False,0,0,0,0
Las Vegas Grand Prix,SAI,Williams,40.0,94.795,27.029,31.661,36.105,HARD,18.0,2.0,0,16.3,16.9,False,0,0,0,0
Las Vegas Grand Prix,HAD,Racing Bulls,40.0,95.243,26.98,31.925,36.338,HARD,20.0,2.0,0,16.3,16.9,False,0,0,0,0
Las Vegas Grand Prix,HUL,Kick Sauber,40.0,94.784,26.963,31.604,36.217,MEDIUM,10.0,2.0,0,16.3,16.9,False,0,0,0,0
Las Vegas Grand Prix,HAM,Ferrari,40.0,95.178,27.163,31.803,36.212,MEDIUM,11.0,2.0,0,16.3,16.9,False,0,0,0,0
Las Vegas Grand Prix,OCO,Haas F1 Team,40.0,95.332,27.305,31.832,36.195,HARD,13.0,2.0,0,16.3,16.9,False,0,0,0,0
Las Vegas Grand Prix,BEA,Haas F1 Team,40.0,95.917,27.217,32.283,36.417,HARD,23.0,2.0,0,16.3,16.9,False,0,0,0,0
Las Vegas Grand Prix,ALO,Aston Martin,40.0,95.85,27.213,32.244,36.393,HARD,24.0,2.0,0,16.3,16.9,False,0,0,0,0
Las Vegas Grand Prix,GAS,Alpine,40.0,96.338,27.489,32.217,36.632,HARD,38.0,2.0,0,16.3,16.9,False,0,0,0,0
Las Vegas Grand Prix,TSU,Red Bull Racing,40.0,95.505,27.279,32.097,36.129,MEDIUM,14.0,3.0,0,16.3,16.9,False,0,0,0,0
Las Vegas Grand Prix,LAW,Racing Bulls,40.0,96.42,27.723,32.0,36.697,HARD,12.0,3.0,0,16.3,16.9,False,0,0,0,0
Las Vegas Grand Prix,COL,Alpine,40.0,97.949,28.593,32.593,36.763,MEDIUM,15.0,2.0,0,16.3,16.9,False,0,0,0,0
Las Vegas Grand Prix,VER,Red Bull Racing,41.0,94.093,26.557,31.382,36.154,HARD,16.0,2.0,0,16.3,16.9,False,0,0,0,0
Las Vegas Grand Prix,NOR,McLaren,41.0,93.965,26.778,31.177,36.01,HARD,19.0,2.0,0,16.3,16.9,False,0,0,0,0
Las Vegas Grand Prix,RUS,Mercedes,41.0,95.442,27.2,32.039,36.203,HARD,24.0,2.0,0,16.3,16.9,False,0,0,0,0
Las Vegas Grand Prix,ANT,Mercedes,41.0,94.756,26.745,31.555,36.456,HARD,39.0,2.0,0,16.3,16.9,False,0,0,0,0
Las Vegas Grand Prix,PIA,McLaren,41.0,94.643,26.77,31.664,36.209,HARD,20.0,2.0,0,16.3,16.9,False,0,0,0,0
Las Vegas Grand Prix,LEC,Ferrari,41.0,94.43,26.798000000000002,31.546,36.086,HARD,17.0,2.0,0,16.3,16.9,False,0,0,0,0
Las Vegas Grand Prix,SAI,Williams,41.0,94.707,26.951999999999998,31.647,36.108,HARD,19.0,2.0,0,16.3,16.9,False,0,0,0,0
Las Vegas Grand Prix,HAD,Racing Bulls,41.0,95.082,26.851,31.782,36.449,HARD,21.0,2.0,0,16.3,16.9,False,0,0,0,0
Las Vegas Grand Prix,HUL,Kick Sauber,41.0,94.827,26.87,31.66,36.297,MEDIUM,11.0,2.0,0,16.3,16.9,False,0,0,0,0
Las Vegas Grand Prix,HAM,Ferrari,41.0,95.127,27.231,31.501,36.395,MEDIUM,12.0,2.0,0,16.3,16.9,False,0,0,0,0
Las Vegas Grand Prix,OCO,Haas F1 Team,41.0,95.484,27.256,31.799,36.429,HARD,14.0,2.0,0,16.3,16.9,False,0,0,0,0
Las Vegas Grand Prix,BEA,Haas F1 Team,41.0,95.72,27.2,32.11,36.41,HARD,24.0,2.0,0,16.3,16.9,False,0,0,0,0
Las Vegas Grand Prix,ALO,Aston Martin,41.0,95.629,27.197,32.032,36.4,HARD,25.0,2.0,0,16.3,16.9,False,0,0,0,0
Las Vegas Grand Prix,GAS,Alpine,41.0,96.039,27.469,31.982,36.588,HARD,39.0,2.0,0,16.3,16.9,False,0,0,0,0
Las Vegas Grand Prix,TSU,Red Bull Racing,41.0,95.472,27.248,32.065,36.159,MEDIUM,15.0,3.0,0,16.3,16.9,False,0,0,0,0
Las Vegas Grand Prix,LAW,Racing Bulls,41.0,95.824,27.439,31.853,36.532,HARD,13.0,3.0,0,16.3,16.9,False,0,0,0,0
Las Vegas Grand Prix,COL,Alpine,41.0,96.391,27.617,32.186,36.588,MEDIUM,16.0,2.0,0,16.3,16.9,False,0,0,0,0
Las Vegas Grand Prix,VER,Red Bull Racing,42.0,94.133,26.539,31.475,36.119,HARD,17.0,2.0,0,16.3,16.9,False,0,0,0,0
Las Vegas Grand Prix,NOR,McLaren,42.0,94.081,26.651,31.35,36.08,HARD,20.0,2.0,0,16.3,16.9,False,0,0,0,0
Las Vegas Grand Prix,RUS,Mercedes,42.0,95.062,27.032,31.953,36.077,HARD,25.0,2.0,0,16.3,16.9,False,0,0,0,0
Las Vegas Grand Prix,ANT,Mercedes,42.0,94.531,26.803,31.582,36.146,HARD,40.0,2.0,0,16.3,16.9,False,0,0,0,0
Las Vegas Grand Prix,PIA,McLaren,42.0,94.641,26.91,31.826,35.905,HARD,21.0,2.0,0,16.3,16.9,False,0,0,0,0
Las Vegas Grand Prix,LEC,Ferrari,42.0,94.661,26.899,31.62,36.142,HARD,18.0,2.0,0,16.3,16.9,False,0,0,0,0
Las Vegas Grand Prix,SAI,Williams,42.0,94.496,26.885,31.498,36.113,HARD,20.0,2.0,0,16.3,16.9,False,0,0,0,0
Las Vegas Grand Prix,HAD,Racing Bulls,42.0,95.069,26.966,31.743,36.36,HARD,22.0,2.0,0,16.3,16.9,False,0,0,0,0
Las Vegas Grand Prix,HUL,Kick Sauber,42.0,94.86,27.032,31.579,36.249,MEDIUM,12.0,2.0,0,16.3,16.9,False,0,0,0,0
Las Vegas Grand Prix,HAM,Ferrari,42.0,95.149,27.131,31.523,36.495,MEDIUM,13.0,2.0,0,16.3,16.9,False,0,0,0,0
Las Vegas Grand Prix,OCO,Haas F1 Team,42.0,95.341,27.155,31.823,36.363,HARD,15.0,2.0,0,16.3,16.9,False,0,0,0,0
Las Vegas Grand Prix,BEA,Haas F1 Team,42.0,95.51,27.241,32.003,36.266,HARD,25.0,2.0,0,16.3,16.9,False,0,0,0,0
Las Vegas Grand Prix,ALO,Aston Martin,42.0,95.803,27.256,32.122,36.425,HARD,26.0,2.0,0,16.3,16.9,False,0,0,0,0
Las Vegas Grand Prix,GAS,Alpine,42.0,96.053,27.319,32.163,36.571,HARD,40.0,2.0,0,16.3,16.9,False,0,0,0,0
Las Vegas Grand Prix,TSU,Red Bull Racing,42.0,95.573,27.265,32.186,36.122,MEDIUM,16.0,3.0,0,16.3,16.9,False,0,0,0,0
Las Vegas Grand Prix,LAW,Racing Bulls,42.0,95.695,27.491,31.726,36.478,HARD,14.0,3.0,0,16.3,16.9,False,0,0,0,0
Las Vegas Grand Prix,COL,Alpine,42.0,95.861,27.401,31.973,36.487,MEDIUM,17.0,2.0,0,16.3,16.9,False,0,0,0,0
Las Vegas Grand Prix,VER,Red Bull Racing,43.0,94.026,26.496,31.432,36.098,HARD,18.0,2.0,0,16.3,16.9,False,0,0,0,0
Las Vegas Grand Prix,NOR,McLaren,43.0,94.271,26.846,31.38,36.045,HARD,21.0,2.0,0,16.3,16.9,False,0,0,0,0
Las Vegas Grand Prix,RUS,Mercedes,43.0,95.249,27.186,31.816,36.247,HARD,26.0,2.0,0,16.3,16.9,False,0,0,0,0
Las Vegas Grand Prix,ANT,Mercedes,43.0,94.629,26.751,31.529,36.349,HARD,41.0,2.0,0,16.3,16.9,False,0,0,0,0
Las Vegas Grand Prix,PIA,McLaren,43.0,94.499,26.867,31.605,36.027,HARD,22.0,2.0,0,16.3,16.9,False,0,0,0,0
Las Vegas Grand Prix,LEC,Ferrari,43.0,94.304,26.802,31.542,35.96,HARD,19.0,2.0,0,16.3,16.9,False,0,0,0,0
Las Vegas Grand Prix,SAI,Williams,43.0,94.511,26.877,31.591,36.043,HARD,21.0,2.0,0,16.3,16.9,False,0,0,0,0
Las Vegas Grand Prix,HAD,Racing Bulls,43.0,95.102,26.91,31.789,36.403,HARD,23.0,2.0,0,16.3,16.9,False,0,0,0,0
Las Vegas Grand Prix,HUL,Kick Sauber,43.0,94.925,27.016,31.633,36.276,MEDIUM,13.0,2.0,0,16.3,16.9,False,0,0,0,0
Las Vegas Grand Prix,HAM,Ferrari,43.0,95.437,27.15,31.889,36.398,MEDIUM,14.0,2.0,0,16.3,16.9,False,0,0,0,0
Las Vegas Grand Prix,OCO,Haas F1 Team,43.0,95.282,27.239,31.738,36.305,HARD,16.0,2.0,0,16.3,16.9,False,0,0,0,0
Las Vegas Grand Prix,BEA,Haas F1 Team,43.0,95.501,27.247,31.989,36.265,HARD,26.0,2.0,0,16.3,16.9,False,0,0,0,0
Las Vegas Grand Prix,ALO,Aston Martin,43.0,96.276,27.249,32.347,36.68,HARD,27.0,2.0,0,16.3,16.9,False,0,0,0,0
Las Vegas Grand Prix,GAS,Alpine,43.0,95.934,27.324,32.002,36.608,HARD,41.0,2.0,0,16.3,16.8,False,0,0,0,0
Las Vegas Grand Prix,TSU,Red Bull Racing,43.0,95.605,27.294,32.092,36.219,MEDIUM,17.0,3.0,0,16.3,16.8,False,0,0,0,0
Las Vegas Grand Prix,LAW,Racing Bulls,43.0,95.644,27.299,31.843,36.502,HARD,15.0,3.0,0,16.3,16.8,False,0,0,0,0
Las Vegas Grand Prix,COL,Alpine,43.0,96.321,27.576999999999998,32.089,36.655,MEDIUM,18.0,2.0,0,16.3,16.8,False,0,0,0,0
Las Vegas Grand Prix,VER,Red Bull Racing,44.0,94.47,26.573,31.532,36.365,HARD,19.0,2.0,0,16.3,16.8,False,0,0,0,0
Las Vegas Grand Prix,NOR,McLaren,44.0,94.435,26.782,31.454,36.199,HARD,22.0,2.0,0,16.3,16.8,False,0,0,0,0
Las Vegas Grand Prix,RUS,Mercedes,44.0,95.256,27.054,31.935,36.267,HARD,27.0,2.0,0,16.3,16.8,False,0,0,0,0
Las Vegas Grand Prix,ANT,Mercedes,44.0,94.382,26.65,31.597,36.135,HARD,42.0,2.0,0,16.3,16.8,False,0,0,0,0
Las Vegas Grand Prix,PIA,McLaren,44.0,94.512,27.042,31.714,35.756,HARD,23.0,2.0,0,16.3,16.8,False,0,0,0,0
Las Vegas Grand Prix,LEC,Ferrari,44.0,94.965,27.103,31.774,36.088,HARD,20.0,2.0,0,16.3,16.8,False,0,0,0,0
Las Vegas Grand Prix,SAI,Williams,44.0,94.722,26.95,31.742,36.03,HARD,22.0,2.0,0,16.3,16.8,False,0,0,0,0
Las Vegas Grand Prix,HAD,Racing Bulls,44.0,94.883,26.813,31.732,36.338,HARD,24.0,2.0,0,16.3,16.8,False,0,0,0,0
Las Vegas Grand Prix,HUL,Kick Sauber,44.0,94.823,27.005,31.576,36.242,MEDIUM,14.0,2.0,0,16.3,16.9,False,0,0,0,0
Las Vegas Grand Prix,HAM,Ferrari,44.0,95.751,27.45,31.907,36.394,MEDIUM,15.0,2.0,0,16.3,16.9,False,0,0,0,0
Las Vegas Grand Prix,OCO,Haas F1 Team,44.0,95.017,27.034,31.788,36.195,HARD,17.0,2.0,0,16.3,16.9,False,0,0,0,0
Las Vegas Grand Prix,BEA,Haas F1 Team,44.0,95.397,27.084,31.996,36.317,HARD,27.0,2.0,0,16.3,16.9,False,0,0,0,0
Las Vegas Grand Prix,ALO,Aston Martin,44.0,96.726,27.474,32.354,36.898,HARD,28.0,2.0,0,16.3,16.9,False,0,0,0,0
Las Vegas Grand Prix,GAS,Alpine,44.0,95.674,27.383,31.855,36.436,HARD,42.0,2.0,0,16.3,16.9,False,0,0,0,0
Las Vegas Grand Prix,TSU,Red Bull Racing,44.0,95.728,27.358,32.14,36.23,MEDIUM,18.0,3.0,0,16.3,16.9,False,0,0,0,0
Las Vegas Grand Prix,LAW,Racing Bulls,44.0,95.458,27.307,31.708,36.443,HARD,16.0,3.0,0,16.3,16.9,False,0,0,0,0
Las Vegas Grand Prix,COL,Alpine,44.0,96.024,27.409,32.067,36.548,MEDIUM,19.0,2.0,0,16.3,16.9,False,0,0,0,0
Las Vegas Grand Prix,VER,Red Bull Racing,45.0,94.169,26.66,31.533,35.976,HARD,20.0,2.0,0,16.3,16.9,False,0,0,0,0
Las Vegas Grand Prix,NOR,McLaren,45.0,94.179,26.66,31.419,36.1,HARD,23.0,2.0,0,16.3,16.9,False,0,0,0,0
Las Vegas Grand Prix,RUS,Mercedes,45.0,95.345,27.084,32.126,36.135,HARD,28.0,2.0,0,16.3,16.9,False,0,0,0,0
Las Vegas Grand Prix,ANT,Mercedes,45.0,94.228,26.658,31.404,36.166,HARD,43.0,2.0,0,16.3,16.9,False,0,0,0,0
Las Vegas Grand Prix,PIA,McLaren,45.0,94.548,26.947,31.635,35.966,HARD,24.0,2.0,0,16.3,16.9,False,0,0,0,0
Las Vegas Grand Prix,LEC,Ferrari,45.0,94.458,26.842,31.579,36.037,HARD,21.0,2.0,0,16.3,16.9,False,0,0,0,0
Las Vegas Grand Prix,SAI,Williams,45.0,94.739,26.951,31.637,36.151,HARD,23.0,2.0,0,16.3,16.9,False,0,0,0,0
Las Vegas Grand Prix,HAD,Racing Bulls,45.0,95.045,26.941,31.782,36.322,HARD,25.0,2.0,0,16.3,16.9,False,0,0,0,0
Las Vegas Grand Prix,HUL,Kick Sauber,45.0,94.805,26.946,31.553,36.306,MEDIUM,15.0,2.0,0,16.3,16.9,False,0,0,0,0
Las Vegas Grand Prix,HAM,Ferrari,45.0,95.995,27.564,32.139,36.292,MEDIUM,16.0,2.0,0,16.3,16.9,False,0,0,0,0
Las Vegas Grand Prix,OCO,Haas F1 Team,45.0,94.833,27.18,31.574,36.079,HARD,18.0,2.0,0,16.3,16.9,False,0,0,0,0
Las Vegas Grand Prix,BEA,Haas F1 Team,45.0,95.333,27.045,31.927,36.361,HARD,28.0,2.0,0,16.3,16.9,False,0,0,0,0
Las Vegas Grand Prix,ALO,Aston Martin,45.0,97.175,27.533,32.659,36.983,HARD,29.0,2.0,0,16.3,16.9,False,0,0,0,0
Las Vegas Grand Prix,TSU,Red Bull Racing,45.0,95.617,27.25,32.113,36.254,MEDIUM,19.0,3.0,0,16.3,16.9,False,0,0,0,0
Las Vegas Grand Prix,GAS,Alpine,45.0,96.43,27.269,31.978,37.183,HARD,43.0,2.0,0,16.3,16.9,False,0,0,0,0
Las Vegas Grand Prix,LAW,Racing Bulls,45.0,95.23,27.209,31.581,36.44,HARD,17.0,3.0,0,16.3,16.9,False,0,0,0,0
Las Vegas Grand Prix,VER,Red Bull Racing,46.0,94.017,26.637,31.308,36.072,HARD,21.0,2.0,0,16.3,16.9,False,0,0,0,0
Las Vegas Grand Prix,COL,Alpine,45.0,97.217,28.522,32.204,36.491,MEDIUM,20.0,2.0,0,16.3,16.9,False,0,0,0,0
Las Vegas Grand Prix,NOR,McLaren,46.0,95.534,26.933,32.153,36.448,HARD,24.0,2.0,0,16.3,16.9,False,0,0,0,0
Las Vegas Grand Prix,RUS,Mercedes,46.0,95.482,27.159,32.167,36.156,HARD,29.0,2.0,0,16.3,16.9,False,0,0,0,0
Las Vegas Grand Prix,ANT,Mercedes,46.0,94.329,26.696,31.472,36.161,HARD,44.0,2.0,0,16.3,16.9,False,0,0,0,0
Las Vegas Grand Prix,PIA,McLaren,46.0,94.588,26.951,31.626,36.011,HARD,25.0,2.0,0,16.3,16.9,False,0,0,0,0
Las Vegas Grand Prix,LEC,Ferrari,46.0,94.636,26.889,31.725,36.022,HARD,22.0,2.0,0,16.3,16.9,False,0,0,0,0
Las Vegas Grand Prix,SAI,Williams,46.0,94.717,26.926,31.64,36.151,HARD,24.0,2.0,0,16.3,16.9,False,0,0,0,0
Las Vegas Grand Prix,HAD,Racing Bulls,46.0,94.897,26.79,31.748,36.359,HARD,26.0,2.0,0,16.3,16.9,False,0,0,0,0
Las Vegas Grand Prix,HUL,Kick Sauber,46.0,94.817,26.864,31.63,36.323,MEDIUM,16.0,2.0,0,16.3,16.9,False,0,0,0,0
Las Vegas Grand Prix,HAM,Ferrari,46.0,94.773,27.114,31.367,36.292,MEDIUM,17.0,2.0,0,16.3,16.9,False,0,0,0,0
Las Vegas Grand Prix,OCO,Haas F1 Team,46.0,94.847,26.988,31.742,36.117,HARD,19.0,2.0,0,16.3,16.9,False,0,0,0,0
Las Vegas Grand Prix,BEA,Haas F1 Team,46.0,95.605,27.186,31.985,36.434,HARD,29.0,2.0,0,16.3,16.9,False,0,0,0,0
Las Vegas Grand Prix,ALO,Aston Martin,46.0,96.938,27.487,32.381,37.07,HARD,30.0,2.0,0,16.3,16.9,False,0,0,0,0
Las Vegas Grand Prix,TSU,Red Bull Racing,46.0,96.298,27.279,32.439,36.58,MEDIUM,20.0,3.0,0,16.3,16.9,False,0,0,0,0
Las Vegas Grand Prix,GAS,Alpine,46.0,96.993,27.975,32.426,36.592,HARD,44.0,2.0,0,16.3,16.9,False,0,0,0,0
Las Vegas Grand Prix,LAW,Racing Bulls,46.0,95.077,27.138,31.653,36.286,HARD,18.0,3.0,0,16.3,16.9,False,0,0,0,0
Las Vegas Grand Prix,VER,Red Bull Racing,47.0,93.895,26.516,31.393,35.986,HARD,22.0,2.0,0,16.3,16.9,False,0,0,0,0
Las Vegas Grand Prix,COL,Alpine,46.0,96.08,27.263,32.104,36.713,MEDIUM,21.0,2.0,0,16.3,16.9,False,0,0,0,0
Las Vegas Grand Prix,NOR,McLaren,47.0,96.128,27.065,32.19,36.873,HARD,25.0,2.0,0,16.3,16.9,False,0,0,0,0
Las Vegas Grand Prix,RUS,Mercedes,47.0,95.144,27.073,31.893,36.178,HARD,30.0,2.0,0,16.3,16.9,False,0,0,0,0
Las Vegas Grand Prix,ANT,Mercedes,47.0,94.331,26.668,31.478,36.185,HARD,45.0,2.0,0,16.3,16.9,False,0,0,0,0
Las Vegas Grand Prix,PIA,McLaren,47.0,94.086,26.763,31.477,35.846,HARD,26.0,2.0,0,16.3,16.9,False,0,0,0,0
Las Vegas Grand Prix,LEC,Ferrari,47.0,94.778,26.918,31.495,36.365,HARD,23.0,2.0,0,16.3,16.9,False,0,0,0,0
Las Vegas Grand Prix,SAI,Williams,47.0,94.873,27.008,31.622,36.243,HARD,25.0,2.0,0,16.3,16.9,False,0,0,0,0
Las Vegas Grand Prix,HAD,Racing Bulls,47.0,94.904,26.826999999999998,31.767,36.31,HARD,27.0,2.0,0,16.3,16.9,False,0,0,0,0
Las Vegas Grand Prix,HUL,Kick Sauber,47.0,94.713,26.901,31.627,36.185,MEDIUM,17.0,2.0,0,16.3,16.9,False,0,0,0,0
Las Vegas Grand Prix,HAM,Ferrari,47.0,94.94,27.234,31.515,36.191,MEDIUM,18.0,2.0,0,16.3,16.9,False,0,0,0,0
Las Vegas Grand Prix,OCO,Haas F1 Team,47.0,94.604,26.968,31.607,36.029,HARD,20.0,2.0,0,16.3,16.8,False,0,0,0,0
Las Vegas Grand Prix,BEA,Haas F1 Team,47.0,95.473,27.176,32.037,36.26,HARD,30.0,2.0,0,16.3,16.8,False,0,0,0,0
Las Vegas Grand Prix,ALO,Aston Martin,47.0,97.367,27.741,32.68,36.946,HARD,31.0,2.0,0,16.3,16.8,False,0,0,0,0
Las Vegas Grand Prix,TSU,Red Bull Racing,47.0,95.187,27.189,31.804,36.194,MEDIUM,21.0,3.0,0,16.3,16.8,False,0,0,0,0
Las Vegas Grand Prix,GAS,Alpine,47.0,96.502,27.638,32.296,36.568,HARD,45.0,2.0,0,16.3,16.8,False,0,0,0,0
Las Vegas Grand Prix,LAW,Racing Bulls,47.0,94.837,27.096,31.52,36.221,HARD,19.0,3.0,0,16.3,16.8,False,0,0,0,0
Las Vegas Grand Prix,VER,Red Bull Racing,48.0,94.122,26.61,31.523,35.989,HARD,23.0,2.0,0,16.3,16.8,False,0,0,0,0
Las Vegas Grand Prix,COL,Alpine,47.0,95.985,27.373,32.086,36.526,MEDIUM,22.0,2.0,0,16.3,16.8,False,0,0,0,0
Las Vegas Grand Prix,NOR,McLaren,48.0,97.702,27.302,32.868,37.532,HARD,26.0,2.0,0,16.3,16.8,False,0,0,0,0
Las Vegas Grand Prix,RUS,Mercedes,48.0,95.338,27.301,31.926,36.111,HARD,31.0,2.0,0,16.3,16.8,False,0,0,0,0
Las Vegas Grand Prix,ANT,Mercedes,48.0,93.998,26.546,31.385,36.067,HARD,46.0,2.0,0,16.3,16.8,False,0,0,0,0
Las Vegas Grand Prix,PIA,McLaren,48.0,94.165,26.769,31.565,35.831,HARD,27.0,2.0,0,16.3,16.8,False,0,0,0,0
Las Vegas Grand Prix,LEC,Ferrari,48.0,95.09,27.029,31.671,36.39,HARD,24.0,2.0,0,16.3,16.8,False,0,0,0,0
Las Vegas Grand Prix,SAI,Williams,48.0,94.908,26.955,31.797,36.156,HARD,26.0,2.0,0,16.3,16.8,False,0,0,0,0
Las Vegas Grand Prix,HAD,Racing Bulls,48.0,94.876,26.747,31.809,36.32,HARD,28.0,2.0,0,16.3,16.8,False,0,0,0,0
Las Vegas Grand Prix,HUL,Kick Sauber,48.0,94.676,26.941,31.514,36.221,MEDIUM,18.0,2.0,0,16.3,16.8,False,0,0,0,0
Las Vegas Grand Prix,HAM,Ferrari,48.0,94.885,27.028,31.633,36.224,MEDIUM,19.0,2.0,0,16.3,16.8,False,0,0,0,0
Las Vegas Grand Prix,OCO,Haas F1 Team,48.0,94.557,27.05,31.626,35.881,HARD,21.0,2.0,0,16.3,16.8,False,0,0,0,0
Las Vegas Grand Prix,BEA,Haas F1 Team,48.0,95.094,27.12,31.822,36.152,HARD,31.0,2.0,0,16.3,16.8,False,0,0,0,0
Las Vegas Grand Prix,ALO,Aston Martin,48.0,97.508,27.519,33.04,36.949,HARD,32.0,2.0,0,16.3,16.8,False,0,0,0,0
Las Vegas Grand Prix,TSU,Red Bull Racing,48.0,94.984,26.974,31.836,36.174,MEDIUM,22.0,3.0,0,16.3,16.8,False,0,0,0,0
Las Vegas Grand Prix,GAS,Alpine,48.0,95.979,27.572,31.988,36.419,HARD,46.0,2.0,0,16.3,16.8,False,0,0,0,0
Las Vegas Grand Prix,VER,Red Bull Racing,49.0,94.093,26.584,31.419,36.09,HARD,24.0,2.0,0,16.3,16.8,False,0,0,0,0
Las Vegas Grand Prix,LAW,Racing Bulls,48.0,97.24,29.015,31.907,36.318,HARD,20.0,3.0,0,16.3,16.8,False,0,0,0,0
Las Vegas Grand Prix,COL,Alpine,48.0,95.902,27.359,32.052,36.491,MEDIUM,23.0,2.0,0,16.3,16.8,False,0,0,0,0
Las Vegas Grand Prix,NOR,McLaren,49.0,97.734,27.742,32.723,37.269,HARD,27.0,2.0,0,16.3,16.8,False,0,0,0,0
Las Vegas Grand Prix,RUS,Mercedes,49.0,94.991,27.156,31.646,36.189,HARD,32.0,2.0,0,16.3,16.8,False,0,0,0,0
Las Vegas Grand Prix,ANT,Mercedes,49.0,94.042,26.642,31.38,36.02,HARD,47.0,2.0,0,16.3,16.8,False,0,0,0,0
Las Vegas Grand Prix,PIA,McLaren,49.0,94.466,26.922,31.67,35.874,HARD,28.0,2.0,0,16.3,16.8,False,0,0,0,0
Las Vegas Grand Prix,LEC,Ferrari,49.0,94.99,27.048,31.564,36.378,HARD,25.0,2.0,0,16.3,16.8,False,0,0,0,0
Las Vegas Grand Prix,SAI,Williams,49.0,95.212,27.067,31.879,36.266,HARD,27.0,2.0,0,16.3,16.8,False,0,0,0,0
Las Vegas Grand Prix,HAD,Racing Bulls,49.0,94.807,26.849,31.634,36.324,HARD,29.0,2.0,0,16.3,16.8,False,0,0,0,0
Las Vegas Grand Prix,HUL,Kick Sauber,49.0,94.592,26.876,31.509,36.207,MEDIUM,19.0,2.0,0,16.3,16.8,False,0,0,0,0
Las Vegas Grand Prix,HAM,Ferrari,49.0,94.553,26.937,31.447,36.169,MEDIUM,20.0,2.0,0,16.3,16.8,False,0,0,0,0
Las Vegas Grand Prix,OCO,Haas F1 Team,49.0,94.608,26.978,31.739,35.891,HARD,22.0,2.0,0,16.3,16.8,False,0,0,0,0
Las Vegas Grand Prix,BEA,Haas F1 Team,49.0,96.453,27.296,32.647,36.51,HARD,32.0,2.0,0,16.3,16.8,False,0,0,0,0
Las Vegas Grand Prix,ALO,Aston Martin,49.0,97.152,27.56,32.542,37.05,HARD,33.0,2.0,0,16.3,16.8,False,0,0,0,0
Las Vegas Grand Prix,TSU,Red Bull Racing,49.0,94.967,27.11,31.814,36.043,MEDIUM,23.0,3.0,0,16.3,16.8,False,0,0,0,0
Las Vegas Grand Prix,GAS,Alpine,49.0,95.95,27.326,32.204,36.42,HARD,47.0,2.0,0,16.3,16.8,False,0,0,0,0
Las Vegas Grand Prix,VER,Red Bull Racing,50.0,93.365,26.35,31.156,35.859,HARD,25.0,2.0,0,16.3,16.8,False,0,0,0,0
Las Vegas Grand Prix,LAW,Racing Bulls,49.0,94.902,27.204,31.725,35.973,HARD,21.0,3.0,0,16.3,16.8,False,0,0,0,0
Las Vegas Grand Prix,COL,Alpine,49.0,95.836,27.324,32.034,36.478,MEDIUM,24.0,2.0,0,16.3,16.8,False,0,0,0,0
Las Vegas Grand Prix,NOR,McLaren,50.0,97.187,27.419,32.278,37.49,HARD,28.0,2.0,0,16.3,16.7,False,0,0,0,0
Las Vegas Grand Prix,RUS,Mercedes,50.0,94.592,26.975,31.663,35.954,HARD,33.0,2.0,0,16.3,16.7,False,0,0,0,0
Las Vegas Grand Prix,ANT,Mercedes,50.0,94.068,26.532,31.587,35.949,HARD,48.0,2.0,0,16.3,16.7,False,0,0,0,0
Las Vegas Grand Prix,PIA,McLaren,50.0,94.661,26.912,31.831,35.918,HARD,29.0,2.0,0,16.3,16.7,False,0,0,0,0
Las Vegas Grand Prix,LEC,Ferrari,50.0,94.669,26.86,31.6,36.209,HARD,26.0,2.0,0,16.3,16.7,False,0,0,0,0
Las Vegas Grand Prix,SAI,Williams,50.0,94.876,27.099,31.784,35.993,HARD,28.0,2.0,0,16.3,16.7,False,0,0,0,0
Las Vegas Grand Prix,HAD,Racing Bulls,50.0,94.62,26.693,31.628,36.299,HARD,30.0,2.0,0,16.3,16.7,False,0,0,0,0
Las Vegas Grand Prix,HUL,Kick Sauber,50.0,95.172,26.991,31.757,36.424,MEDIUM,20.0,2.0,0,16.3,16.7,False,0,0,0,0
Las Vegas Grand Prix,HAM,Ferrari,50.0,94.7,26.972,31.524,36.204,MEDIUM,21.0,2.0,0,16.3,16.7,False,0,0,0,0
Las Vegas Grand Prix,OCO,Haas F1 Team,50.0,94.734,27.152,31.623,35.959,HARD,23.0,2.0,0,16.3,16.7,False,0,0,0,0
Las Vegas Grand Prix,BEA,Haas F1 Team,50.0,94.519,26.907,31.529,36.083,HARD,33.0,2.0,0,16.3,16.7,False,0,0,0,0
Las Vegas Grand Prix,ALO,Aston Martin,50.0,98.065,27.515,33.095,37.455,HARD,34.0,2.0,0,16.3,16.7,False,0,0,0,0
Las Vegas Grand Prix,TSU,Red Bull Racing,50.0,95.176,27.079,31.963,36.134,MEDIUM,24.0,3.0,0,16.3,16.7,False,0,0,0,0
Las Vegas Grand Prix,GAS,Alpine,50.0,95.73,27.381,31.954,36.395,HARD,48.0,2.0,0,16.3,16.7,False,0,0,0,0
